Id,Horodateur,Tu es ...,"Ton age ? (Juste le nombre, ex: 19)",Que fais-tu à l'UTC ? ,Ton semestre et ta branche si nécessaire ? (ex: GM04),Est-ce que tu vas au Pic ?,Est-ce que tu bois de l'alcool ?,Tes préférences : [Cidre Loic Raison],Tes préférences : [Chimay Bleue],Tes préférences : [Duvel],Tes préférences : [Grand Cru St Feuillien],Tes préférences : [Pêche Mel Bush],Tes préférences : [Westmalle Triple],Tes préférences : [Barbar Blonde],Tes préférences : [Chouffe],Tes préférences : [Cuvée Des Trolls],Tes préférences : [Delirium Tremens],Tes préférences : [Gauloise Rouge],"Combien bois tu de bières (en moyenne) quand tu viens au Pic ? (Juste le nombre, ex: 3)","Combien de temps te faut-il (en moyenne) pour boire ta bière ? (Juste le nombre de minutes, ex: 20)",A quelle heure arrives-tu en général au Pic ?,Et à quelle heure repars-tu ?,"Quel est ton budget maximum par soir ? (Juste le nombre d'euros, ex: 10)","En général, manges-tu avant d'aller au Pic ?",Quels jours viens-tu au pic ? (En général),Note ta sensibilité à l'alcool :,"Avec combien de potes en moyenne tu passes ta soirée ? (Juste le nombre, ex: 5)",As-tu déjà été permanencier au Pic ?,"Combien de temps te faut-il, en moyenne, pour servir une bière ? (Nombre de secondes, ex: 45)"
1,07/06/2017 17:35:47,Un homme,22,Branche,Gx04,Oui,Oui,Je déteste !,Je déteste !,Je déteste !,Je déteste !,Bof...,Je déteste !,Je déteste !,Je déteste !,Je déteste !,Je déteste !,J'adore !,2,33,20:30:00,22:00:00,No limit,"Non, je mange un menu au Pic","Lundi, Mardi, Mercredi, Jeudi, Vendredi",4,6,Non,
2,07/06/2017 17:36:01,Un homme,20,Tronc commun,TC04,Oui,Oui,Pas mal,Jamais bu,Bof...,Pas mal,Je déteste !,Jamais bu,J'adore !,Pas mal,J'adore !,J'adore !,Je déteste !,3,15,19:00:00,22:00:00,7,"Non, je mange un menu au Pic","Mardi, Jeudi, Vendredi",2,10,Oui,30
3,07/06/2017 17:36:03,Un homme,21,Branche,GI04,Non,,,,,,,,,,,,,,,,,,,,,,,
4,07/06/2017 17:36:42,Un homme,22,Branche,GSM05,Oui,Oui,Pas mal,Jamais bu,Jamais bu,Pas mal,Pas mal,Jamais bu,Pas mal,Jamais bu,Bof...,J'adore !,Pas mal,3,120,20:00:00,22:15:00,10,Oui,"Jeudi, Vendredi",2,5,Oui,20
5,07/06/2017 17:36:43,Un homme,22,Branche,GM04,Oui,Oui,Jamais bu,J'adore !,J'adore !,J'adore !,Bof...,Pas mal,J'adore !,Pas mal,Bof...,Pas mal,Bof...,4,20,19:30:00,22:00:00,8,"Non, manger c'est triché","Mercredi, Jeudi, Vendredi",3,6,Non,
6,07/06/2017 17:37:09,Un homme,23,Branche,Gsu04,Oui,Oui,Jamais bu,Pas mal,Pas mal,Pas mal,Pas mal,J'adore !,Pas mal,J'adore !,J'adore !,J'adore !,Pas mal,2,15,20:30:00,22:00:00,5,Oui,"Mardi, Jeudi, Vendredi",4,4,Oui,60
7,07/06/2017 17:37:12,Un homme,21,Branche,GI04,Oui,Oui,Jamais bu,Pas mal,Pas mal,J'adore !,Jamais bu,Pas mal,J'adore !,Bof...,Pas mal,J'adore !,Pas mal,2,20,19:00:00,21:30:00,5,Oui,"Mardi, Mercredi, Jeudi",2,5,Oui,20
8,07/06/2017 17:37:14,Un homme,24,Branche,GP09,Oui,Oui,Jamais bu,Pas mal,Pas mal,J'adore !,Bof...,Jamais bu,Pas mal,Pas mal,J'adore !,J'adore !,Je déteste !,4,20,20:15:00,22:00:00,10,"Non, manger c'est triché","Mardi, Mercredi, Jeudi, Vendredi",4,3,Oui,30
9,07/06/2017 17:37:18,Une femme,20,Branche,GM02,Oui,Oui,J'adore !,,Jamais bu,Pas mal,Bof...,Pas mal,J'adore !,Pas mal,Pas mal,J'adore !,J'adore !,4,20,20:00:00,22:30:00,Aucun budget,Oui,"Jeudi, Vendredi",2,5,Oui,45
10,07/06/2017 17:37:22,Un homme,24,Branche,GP07,Oui,Oui,Pas mal,Pas mal,Pas mal,Pas mal,Jamais bu,Pas mal,Jamais bu,Jamais bu,Pas mal,J'adore !,J'adore !,3,20,19:00:00,22:00:00,8,"Non, je mange des snacks au Pic","Lundi, Mardi, Mercredi, Jeudi",3,2,Oui,40
11,07/06/2017 17:37:28,Un homme,19,Tronc commun,TC03,Oui,Oui,Jamais bu,Bof...,Bof...,Bof...,Pas mal,Jamais bu,J'adore !,J'adore !,Pas mal,J'adore !,Pas mal,2,18,20:00:00,22:00:00,5,Oui,"Mardi, Jeudi",4,12,Oui,45
12,07/06/2017 17:37:41,Un homme,21,Branche,GI04,Oui,Oui,Jamais bu,Pas mal,Pas mal,Pas mal,Bof...,J'adore !,J'adore !,J'adore !,Pas mal,J'adore !,Pas mal,4,15,19:30:00,22:00:00,12,"Non, manger c'est triché","Mardi, Mercredi, Jeudi, Vendredi",4,3,Non,
13,07/06/2017 17:37:54,Une femme,21,Branche,Gsm02,Oui,Oui,Pas mal,Jamais bu,Jamais bu,Jamais bu,J'adore !,Pas mal,J'adore !,Pas mal,Pas mal,J'adore !,Pas mal,2,20,20:00:00,22:00:00,,Oui,"Mardi, Jeudi",2,4,Non,
14,07/06/2017 17:38:00,Un homme,21,Branche,GI04,Oui,Oui,Jamais bu,Jamais bu,Je déteste !,Pas mal,Je déteste !,Jamais bu,J'adore !,Je déteste !,J'adore !,Bof...,Je déteste !,4,15,19:30:00,22:00:00,20,"Non, je mange des snacks au Pic","Mercredi, Jeudi, Vendredi",3,4,Non,
15,07/06/2017 17:38:14,Un homme,23,Professeur-chercheur,8==D,Oui,Oui,Pas mal,Pas mal,Bof...,J'adore !,Je déteste !,Bof...,Bof...,Bof...,J'adore !,J'adore !,Je déteste !,6,7,18:00:00,22:00:00,20,"Non, manger c'est triché","Lundi, Mardi, Mercredi, Jeudi, Vendredi",5,10,Oui,10
16,07/06/2017 17:39:03,Une femme,22,Master,GPf,Oui,Oui,Jamais bu,Pas mal,Pas mal,J'adore !,Jamais bu,Pas mal,Pas mal,J'adore !,Pas mal,Pas mal,Jamais bu,3,30,20:00:00,22:00:00,5€,"Non, manger c'est triché","Mercredi, Jeudi, Vendredi",4,6,Oui,30
17,07/06/2017 17:39:24,Une femme,21,Branche,Gb02,Oui,Oui,Jamais bu,Jamais bu,Pas mal,Pas mal,J'adore !,Jamais bu,Je déteste !,Bof...,Jamais bu,Pas mal,J'adore !,2,30,20:00:00,22:00:00,10,Oui,"Jeudi, Vendredi",4,8,Oui,50
18,07/06/2017 17:39:26,Un homme,21,Branche,GSM02,Oui,Oui,Bof...,Bof...,Bof...,J'adore !,Bof...,Jamais bu,J'adore !,J'adore !,Bof...,Jamais bu,Bof...,3,20,19:00:00,22:05:00,6,Oui,"Mardi, Jeudi, Vendredi",3,8,Oui,40
19,07/06/2017 17:39:41,Une femme,18,Tronc commun,Tc02,Oui,Oui,Jamais bu,Jamais bu,Jamais bu,Jamais bu,J'adore !,Jamais bu,J'adore !,Jamais bu,Jamais bu,Jamais bu,J'adore !,2,15,20:00:00,22:00:00,5,Oui,Mercredi,2,3,Oui,60
20,07/06/2017 17:40:23,Une femme,23,Branche,GI04,Oui,Oui,Pas mal,Jamais bu,Jamais bu,Bof...,Je déteste !,Jamais bu,Jamais bu,Jamais bu,Pas mal,Pas mal,J'adore !,2,20,19:00:00,22:00:00,10,Oui,"Lundi, Jeudi, Vendredi",4,4,Non,
21,07/06/2017 17:40:24,Une femme,20,Branche,GB02,Oui,Oui,Pas mal,Jamais bu,Pas mal,,J'adore !,Bof...,J'adore !,Pas mal,Pas mal,J'adore !,Bof...,3,12,20:15:00,22:00:00,10,Oui,"Mercredi, Jeudi, Vendredi",3,8,Oui,40
22,07/06/2017 17:40:29,Une femme,22,Branche,GP04,Oui,Oui,Pas mal,Bof...,Bof...,Bof...,Bof...,Bof...,J'adore !,J'adore !,J'adore !,J'adore !,Je déteste !,4,25,19:45:00,22:00:00,10,Oui,"Mercredi, Jeudi, Vendredi",3,6,Oui,
23,07/06/2017 17:40:49,Un homme,23,Branche,Gm06,Oui,Oui,Jamais bu,Pas mal,J'adore !,Jamais bu,Bof...,Pas mal,Pas mal,Pas mal,J'adore !,J'adore !,Pas mal,4,30,20:00:00,22:30:00,10,Oui,"Lundi, Mercredi, Vendredi",3,6,Oui,"37,54"
24,07/06/2017 17:40:50,Une femme,19,Tronc commun,TC02,Oui,Oui,Jamais bu,Jamais bu,Pas mal,Pas mal,J'adore !,Jamais bu,J'adore !,Jamais bu,Jamais bu,J'adore !,J'adore !,2,40,20:00:00,22:00:00,4,"Non, manger c'est triché","Mercredi, Jeudi",1,4,Non,
25,07/06/2017 17:41:25,Une femme,22,Branche,GI04,Oui,Oui,Bof...,Bof...,Bof...,Bof...,Bof...,J'adore !,J'adore !,Pas mal,Bof...,Bof...,Bof...,3,40,19:30:00,22:00:00,10,,"Mercredi, Jeudi, Vendredi",2,4,Oui,3
26,07/06/2017 17:41:29,Une femme,20,Tronc commun,TC03,Oui,Oui,J'adore !,Bof...,Bof...,J'adore !,J'adore !,Je déteste !,Pas mal,Bof...,Jamais bu,Je déteste !,Je déteste !,2,20,20:00:00,22:00:00,5,Oui,"Lundi, Mardi, Jeudi",2,10,Oui,60
27,07/06/2017 17:41:36,Une femme,18,Tronc commun,TC02,Oui,Oui,Jamais bu,Jamais bu,Jamais bu,Pas mal,Jamais bu,Pas mal,J'adore !,Jamais bu,Jamais bu,J'adore !,Pas mal,1 ou 2,30min,19:30:00,22:00:00,5,,"Mercredi, Vendredi",1,2,Non,
28,07/06/2017 17:41:47,Un homme,18,Branlette,TC02,Oui,Oui,J'adore !,Bof...,Pas mal,Pas mal,Pas mal,J'adore !,J'adore !,Bof...,Pas mal,J'adore !,Bof...,2,20,20:00:00,22:00:00,6,Oui,"Jeudi, Vendredi",3,6,Non,
29,07/06/2017 17:41:50,Un homme,23,Branche,GI04,Non,,,,,,,,,,,,,,,,,,,,,,,
30,07/06/2017 17:41:52,Un homme,23,Branche,GI04,Oui,Oui,Bof...,Pas mal,J'adore !,J'adore !,Pas mal,J'adore !,Pas mal,Pas mal,J'adore !,J'adore !,Bof...,3,20,19:30:00,22:00:00,10,Oui,"Mercredi, Jeudi, Vendredi",4,4,Oui,15
31,07/06/2017 17:41:52,Une femme,22,Branche,GSM04,Oui,Oui,Pas mal,Bof...,Bof...,Bof...,Je déteste !,Je déteste !,J'adore !,Je déteste !,J'adore !,Pas mal,Je déteste !,3,30,20:00:00,22:00:00,10,Oui,"Mercredi, Jeudi, Vendredi",4,5,Oui,20
32,07/06/2017 17:42:30,Un homme,20,Branche,GI04,Oui,Oui,Jamais bu,Jamais bu,Jamais bu,J'adore !,Jamais bu,Jamais bu,Je déteste !,Pas mal,J'adore !,J'adore !,Je déteste !,2,7,18:30:00,19:30:00,10,Oui,Jeudi,2,4,Non,
33,07/06/2017 17:43:10,Une femme,22,Branche,Gm04,Oui,Oui,Pas mal,Jamais bu,Bof...,Bof...,J'adore !,Bof...,Pas mal,J'adore !,J'adore !,Pas mal,J'adore !,1,30,19:30:00,22:00:00,5,Oui,"Mercredi, Jeudi, Vendredi",2,7,Non,
34,07/06/2017 17:43:20,Un homme,21,Branche,GI04,Oui,Oui,Pas mal,Bof...,Bof...,Pas mal,Pas mal,Je déteste !,Pas mal,J'adore !,J'adore !,J'adore !,Bof...,3,30,20:00:00,22:00:00,Osef,"Non, je mange des snacks au Pic","Jeudi, Vendredi",3,5,Oui,30
35,07/06/2017 17:43:22,Une femme,20,Tronc commun,TC02,Oui,Oui,Jamais bu,Jamais bu,Jamais bu,J'adore !,J'adore !,Jamais bu,J'adore !,Jamais bu,Jamais bu,J'adore !,J'adore !,3,20,20:30:00,22:00:00,10,Oui,"Jeudi, Vendredi",2,8,Non,
36,07/06/2017 17:43:46,Une femme,21,Branche,GI01,Oui,Oui,Pas mal,Pas mal,Bof...,Bof...,Je déteste !,Pas mal,Pas mal,J'adore !,Bof...,J'adore !,Je déteste !,2,30,20:30:00,22:00:00,10,Oui,Jeudi,4,8,Oui,45
37,07/06/2017 17:44:00,Un homme,23,Branche,GI04,Oui,Oui,Jamais bu,Pas mal,Bof...,Pas mal,Jamais bu,J'adore !,Pas mal,J'adore !,Jamais bu,Bof...,Jamais bu,2,20,18:30:00,22:00:00,6€,"Non, manger c'est tricher","Lundi, Mardi, Mercredi, Jeudi, Vendredi",5,10,Non,
38,07/06/2017 17:44:14,Un homme,19,Tronc commun,TC02,Oui,,Jamais bu,Pas mal,Jamais bu,Jamais bu,Pas mal,Pas mal,J'adore !,J'adore !,J'adore !,Jamais bu,Jamais bu,2,15,20:00:00,22:00:00,10,Oui,Mercredi,3,5,Non,
39,07/06/2017 17:44:29,Un homme,20,Branche,GI04,Oui,Oui,Pas mal,Bof...,Je déteste !,J'adore !,Je déteste !,Pas mal,J'adore !,Pas mal,J'adore !,J'adore !,Je déteste !,4,17,20:00:00,21:30:00,20,Oui,"Mardi, Mercredi, Jeudi, Vendredi",4,2,Oui,20
40,07/06/2017 17:44:29,Une femme,24,Branche,GI04,Oui,Oui,Jamais bu,Pas mal,Pas mal,Bof...,Je déteste !,J'adore !,Bof...,J'adore !,Pas mal,J'adore !,Pas mal,5,30,19:00:00,22:15:00,15,"Non, je mange des snacks au Pic","Mardi, Mercredi, Jeudi",4,6,Oui,30
41,07/06/2017 17:45:00,Un homme,20,Branche,GSM02,Oui,Oui,J'adore !,Jamais bu,Pas mal,J'adore !,Pas mal,J'adore !,J'adore !,Jamais bu,,J'adore !,J'adore !,2,20,19:30:00,22:00:00,4,"Non, manger c'est tricher","Jeudi, Vendredi",1,4,Oui,30
42,07/06/2017 17:45:04,Une femme,22,Master,,Oui,Oui,Jamais bu,Pas mal,Pas mal,Pas mal,Je déteste !,,Pas mal,J'adore !,J'adore !,J'adore !,Je déteste !,3,20,20:00:00,22:00:00,10,Oui,"Lundi, Mardi, Mercredi, Jeudi, Vendredi",3,9,Oui,60
43,07/06/2017 17:45:21,Une femme,21,Branche,GB06,Oui,Oui,J'adore !,Jamais bu,Je déteste !,Jamais bu,Bof...,Jamais bu,Jamais bu,Je déteste !,Jamais bu,Jamais bu,Pas mal,"0,5",30,20:00:00,22:00:00,5,"Non, je mange des snacks au Pic","Jeudi, Vendredi",2,3,Oui,60
44,07/06/2017 17:45:41,Un homme,21,Branche,GSU04,Oui,Oui,Pas mal,Pas mal,Pas mal,Pas mal,J'adore !,Pas mal,Bof...,Pas mal,Pas mal,J'adore !,J'adore !,3,30,19:00:00,22:00:00,6,"Non, je mange des snacks au Pic","Lundi, Mardi, Mercredi, Jeudi, Vendredi",3,5,Oui,10
45,07/06/2017 17:45:50,Une femme,18,Tronc commun,TC01,Oui,Oui,Jamais bu,Jamais bu,Jamais bu,Jamais bu,Pas mal,Jamais bu,J'adore !,Jamais bu,Jamais bu,J'adore !,J'adore !,2,15,18:30:00,20:30:00,6,"Non, je mange un menu au Pic",Jeudi,3,2,Oui,60
46,07/06/2017 17:46:28,Une femme,20,Tronc commun,TC04,Oui,Oui,Jamais bu,Bof...,Pas mal,J'adore !,Je déteste !,J'adore !,Bof...,Bof...,Pas mal,J'adore !,Je déteste !,2/3,30,18:30:00,21:03:00,10,"Non, je mange des snacks au Pic","Lundi, Mardi, Vendredi",4,4,Oui,50
47,07/06/2017 17:47:20,Un homme,21,Branche,GI02,Oui,Oui,Jamais bu,Pas mal,Pas mal,J'adore !,Bof...,Bof...,Pas mal,Bof...,J'adore !,J'adore !,Je déteste !,4,20,20:00:00,22:00:00,15,"Non, manger c'est tricher","Lundi, Mardi, Mercredi, Jeudi, Vendredi",3,6,Oui,60
48,07/06/2017 17:47:29,Un homme,22,Branche,GM02,Oui,Oui,Bof...,Pas mal,Pas mal,J'adore !,J'adore !,Jamais bu,J'adore !,Pas mal,Pas mal,Jamais bu,J'adore !,3,20,20:30:00,22:00:00,10,Oui,Mercredi,3,4,Oui,60
49,07/06/2017 17:47:57,Un homme,23,Branche,GB04,Oui,Oui,J'adore !,Pas mal,Jamais bu,Jamais bu,J'adore !,Pas mal,Jamais bu,Pas mal,Pas mal,J'adore !,J'adore !,2,20,19:00:00,22:00:00,5,Oui,"Jeudi, Vendredi",1,9,Non,
50,07/06/2017 17:47:59,Une femme,19,Tronc commun,TC04,Oui,Oui,J'adore !,Jamais bu,Jamais bu,Jamais bu,Je déteste !,Jamais bu,Jamais bu,Jamais bu,Jamais bu,Jamais bu,Je déteste !,0 : 1 cidre,10,19:30:00,21:30:00,5,"Non, je mange des snacks au Pic",Jeudi,3,6,Non,
51,07/06/2017 17:48:52,Un homme,22,Branche,GI04,Oui,Oui,Jamais bu,Pas mal,Pas mal,Bof...,Je déteste !,J'adore !,Jamais bu,J'adore !,Pas mal,Pas mal,Bof...,2,15,19:00:00,21:00:00,4,"Non, manger c'est tricher","Mardi, Jeudi, Vendredi",4,4,Non,
52,07/06/2017 17:49:15,Une femme,19,Tronc commun,,Oui,Oui,Jamais bu,Jamais bu,Jamais bu,Pas mal,Pas mal,Jamais bu,J'adore !,J'adore !,Pas mal,J'adore !,J'adore !,3,20,20:00:00,21:15:00,8,Oui,"Mardi, Jeudi, Vendredi",3,4,Oui,15
53,07/06/2017 17:49:29,Une femme,18,Tronc commun,TC02,Oui,Oui,J'adore !,Pas mal,Jamais bu,,Pas mal,Pas mal,Pas mal,Jamais bu,Jamais bu,J'adore !,J'adore !,3,30,19:30:00,22:15:00,15,"Non, manger c'est tricher","Jeudi, Vendredi",3,10,Oui,30
54,07/06/2017 17:49:41,Une femme,19,Branche,GP03,Oui,Oui,Pas mal,,Jamais bu,Pas mal,J'adore !,J'adore !,Bof...,Bof...,Pas mal,Pas mal,J'adore !,3,30,19:15:00,22:30:00,10,"Non, je mange des snacks au Pic","Jeudi, Vendredi",2,4,Oui,50
55,07/06/2017 17:49:58,Une femme,23,Branche,GI04,Oui,Oui,Jamais bu,Jamais bu,Pas mal,J'adore !,Bof...,,Pas mal,Pas mal,Pas mal,Pas mal,J'adore !,5,20,20:00:00,22:00:00,15,Oui,"Jeudi, Vendredi",3,6,Oui,42
56,07/06/2017 17:50:11,Un homme,18,Tronc commun,TC01,Oui,,J'adore !,Jamais bu,Pas mal,Jamais bu,J'adore !,Jamais bu,J'adore !,Jamais bu,J'adore !,J'adore !,Jamais bu,2,20,20:00:00,22:00:00,7,"Non, manger c'est tricher","Lundi, Mardi, Mercredi, Vendredi",1,2,Non,
57,07/06/2017 17:50:18,Une femme,20,Tronc commun,TC04,Oui,Oui,Pas mal,Bof...,J'adore !,Je déteste !,Je déteste !,Bof...,Pas mal,Pas mal,Pas mal,J'adore !,Bof...,3,30,18:30:00,21:00:00,9,"Non, je mange un menu au Pic","Lundi, Jeudi, Vendredi",2,4,Oui,30
58,07/06/2017 17:50:47,Un homme,21,Branche,GSU02,Oui,Oui,Jamais bu,Bof...,Bof...,Bof...,Jamais bu,J'adore !,Pas mal,Bof...,Jamais bu,J'adore !,Je déteste !,3,20,19:30:00,22:00:00,10,"Non, je mange des snacks au Pic","Lundi, Mercredi, Vendredi",2,8-10,Oui,32
59,07/06/2017 17:52:28,Un homme,20,Branche,GM01,Oui,Oui,Jamais bu,J'adore !,Bof...,J'adore !,Je déteste !,J'adore !,Pas mal,J'adore !,Pas mal,Pas mal,Je déteste !,3,20,20:30:00,22:15:00,12,"Non, manger c'est tricher","Lundi, Mercredi, Jeudi, Vendredi",4,6,Oui,30
60,07/06/2017 17:52:35,Une femme,21,Branche,Gb04,Oui,Oui,Pas mal,Pas mal,Pas mal,J'adore !,Jamais bu,J'adore !,J'adore !,Pas mal,J'adore !,J'adore !,Jamais bu,3,10,20:00:00,23:00:00,5,Oui,"Jeudi, Vendredi",4,10,Oui,30
61,07/06/2017 17:52:50,Un homme,21,Branche,Gm04,Oui,Oui,Pas mal,Bof...,Bof...,J'adore !,Je déteste !,Pas mal,Pas mal,J'adore !,Pas mal,Pas mal,Pas mal,4,25,20:00:00,22:00:00,15,"Non, manger c'est tricher","Lundi, Jeudi, Vendredi",4,4,Oui,30
62,07/06/2017 17:52:52,Un homme,21,Branche,Gm04,Oui,Oui,Pas mal,J'adore !,Bof...,J'adore !,Je déteste !,Pas mal,J'adore !,J'adore !,J'adore !,J'adore !,J'adore !,4,30,20:00:00,22:00:00,15,Oui,"Lundi, Mercredi, Jeudi",4,10,Non,
63,07/06/2017 17:53:07,Une femme,17,HuTech,HU02,Oui,Oui,Jamais bu,J'adore !,Jamais bu,Pas mal,Je déteste !,Jamais bu,Pas mal,Jamais bu,J'adore !,Pas mal,Pas mal,2,30,18:30:00,20:00:00,5,"Non, manger c'est tricher","Mercredi, Jeudi, Vendredi",1,3,Oui,
64,07/06/2017 17:53:29,Une femme,19,Tronc commun,TC04,Oui,Oui,J'adore !,Jamais bu,Jamais bu,J'adore !,J'adore !,Jamais bu,Bof...,Jamais bu,Pas mal,Pas mal,Pas mal,2,20,20:00:00,22:00:00,5,Oui,"Jeudi, Vendredi",2,5,Oui,50
65,07/06/2017 17:53:43,Une femme,19,Tronc commun,Tc02,Oui,Oui,Jamais bu,Jamais bu,Jamais bu,Jamais bu,J'adore !,Jamais bu,Jamais bu,Jamais bu,Jamais bu,Jamais bu,Jamais bu,2,12,19:30:00,22:00:00,5,"Non, manger c'est tricher",Mardi,2,6,Non,
66,07/06/2017 17:54:13,Une femme,18,Tronc commun,Tc02,Oui,Oui,J'adore !,J'adore !,Pas mal,J'adore !,Je déteste !,Bof...,Pas mal,Bof...,Pas mal,J'adore !,Je déteste !,3,20,19:45:00,22:00:00,15,Oui,"Lundi, Mardi, Mercredi, Jeudi, Vendredi",5,5,Oui,30
67,07/06/2017 17:54:16,Un homme,19,Tronc commun,TC04,Oui,Oui,Jamais bu,Pas mal,Bof...,Jamais bu,Pas mal,J'adore !,Jamais bu,Jamais bu,Pas mal,J'adore !,Pas mal,2,30,20:00:00,22:15:00,5,"Non, manger c'est tricher","Jeudi, Vendredi",3,5,Oui,40
68,07/06/2017 17:54:34,Un homme,22,Branche,GSM04,Oui,Oui,Jamais bu,Bof...,Pas mal,Bof...,Je déteste !,J'adore !,Bof...,Bof...,Bof...,Jamais bu,Je déteste !,5,25,19:00:00,22:00:00,20,"Non, je mange des snacks au Pic","Lundi, Mardi, Jeudi, Vendredi",4,6,Oui,20
69,07/06/2017 17:54:43,Une femme,22,Branche,Gsu05,Oui,Oui,Pas mal,Bof...,Pas mal,J'adore !,Je déteste !,J'adore !,Pas mal,Pas mal,Pas mal,Pas mal,Je déteste !,2,45,19:30:00,21:30:00,6,Oui,"Mardi, Jeudi, Vendredi",2,6,Oui,30
70,07/06/2017 17:55:06,Une femme,25,Master,Master 2 (équivalent GX06),Oui,Oui,Jamais bu,J'adore !,Je déteste !,Pas mal,Je déteste !,Pas mal,J'adore !,Pas mal,J'adore !,,Pas mal,3,30,10:00:00,22:00:00,30,"Non, je mange un menu au Pic","Lundi, Mardi, Mercredi, Jeudi, Vendredi",3,4,Oui,20
71,07/06/2017 17:55:26,Une femme,19,Tronc commun,TC04,Oui,Oui,J'adore !,Jamais bu,Jamais bu,Jamais bu,Jamais bu,Jamais bu,J'adore !,Jamais bu,Pas mal,Jamais bu,J'adore !,3,15,19:30:00,22:00:00,10,"Non, je mange des snacks au Pic",Vendredi,2,5,Oui,60
72,07/06/2017 17:55:28,Une femme,19,Tronc commun,TC01,Oui,Non,Pas mal,Jamais bu,Jamais bu,Jamais bu,Jamais bu,Jamais bu,Jamais bu,Jamais bu,Jamais bu,Bof...,J'adore !,0,,21:00:00,22:00:00,2,Oui,"Mardi, Jeudi",3,10,Non,
73,07/06/2017 17:55:35,Une femme,21,Branche,GM02,Oui,Oui,J'adore !,Jamais bu,Jamais bu,Jamais bu,Bof...,Jamais bu,J'adore !,Jamais bu,Jamais bu,Je déteste !,Pas mal,2,30,20:00:00,22:30:00,4,Oui,"Jeudi, Vendredi",2,3,Oui,45
74,07/06/2017 17:55:53,Une femme,22,Branche,GB04,Oui,Oui,J'adore !,Jamais bu,Jamais bu,Jamais bu,Jamais bu,Jamais bu,Jamais bu,Jamais bu,Jamais bu,Jamais bu,Pas mal,1,30,19:30:00,22:00:00,4,Oui,Vendredi,4,6,Oui,30
75,07/06/2017 17:57:06,Une femme,19,Tronc commun,,Oui,Oui,Jamais bu,Bof...,Je déteste !,J'adore !,Pas mal,Jamais bu,Bof...,Bof...,J'adore !,Je déteste !,Je déteste !,2,30,20:00:00,23:00:00,10,Oui,"Jeudi, Vendredi",3,6,Oui,90
76,07/06/2017 17:57:11,Un homme,21,Branche,GSM04,Oui,Oui,J'adore !,Bof...,Bof...,Pas mal,Pas mal,Pas mal,J'adore !,Bof...,J'adore !,J'adore !,Pas mal,1,3,20:00:00,22:00:00,5,"Non, je mange des snacks au Pic","Mercredi, Jeudi, Vendredi",2,6,Oui,80
77,07/06/2017 17:57:26,Un homme,19,Tronc commun,4,Oui,Oui,J'adore !,Je déteste !,Bof...,Bof...,Bof...,Bof...,Pas mal,J'adore !,J'adore !,Pas mal,Pas mal,2,20,19:30:00,22:00:00,10,Oui,Vendredi,4,6,Oui,30
78,07/06/2017 17:57:28,Un homme,21,Branche,GSM02,Oui,,Pas mal,Pas mal,J'adore !,J'adore !,Pas mal,Jamais bu,J'adore !,Jamais bu,J'adore !,J'adore !,Pas mal,2,20,20:00:00,22:00:00,5,Oui,"Mercredi, Jeudi",2,3,Non,
79,07/06/2017 17:57:30,Un homme,23,Branche,GSM05,Oui,Oui,Jamais bu,J'adore !,Pas mal,Pas mal,Bof...,Bof...,Pas mal,Bof...,Pas mal,J'adore !,Je déteste !,3,30,19:00:00,21:00:00,10,"Non, manger c'est tricher","Lundi, Jeudi, Vendredi",4,4,Oui,30
80,07/06/2017 17:57:51,Une femme,20,Branche,GP02,Oui,Oui,Jamais bu,Jamais bu,Pas mal,Pas mal,J'adore !,Pas mal,Jamais bu,Jamais bu,Bof...,J'adore !,J'adore !,3,30,20:00:00,22:30:00,7,"Non, manger c'est tricher",Vendredi,4,2,Oui,45
81,07/06/2017 17:59:02,Une femme,20,Branche,GP04,Oui,Oui,Jamais bu,J'adore !,Bof...,Pas mal,Je déteste !,Bof...,J'adore !,J'adore !,J'adore !,J'adore !,Je déteste !,"3,5",25,20:00:00,00:00:00,15,"Non, je mange des snacks au Pic","Lundi, Mardi, Mercredi, Jeudi, Vendredi",4,6,Oui,30
82,07/06/2017 17:59:53,Un homme,21,Branche,GP04,Oui,Oui,Jamais bu,Bof...,Pas mal,Jamais bu,Bof...,Pas mal,J'adore !,Pas mal,J'adore !,J'adore !,Pas mal,4,30,19:00:00,21:00:00,9,"Non, manger c'est tricher","Mercredi, Jeudi",4,5,Oui,30
83,07/06/2017 17:59:59,Un homme,19,Tronc commun,TC04,Oui,Oui,Jamais bu,J'adore !,Pas mal,Pas mal,Je déteste !,Pas mal,Pas mal,Pas mal,J'adore !,J'adore !,Je déteste !,4,25,19:30:00,22:15:00,10,"Non, manger c'est tricher","Lundi, Mardi, Mercredi, Jeudi, Vendredi",4,6,Oui,30
84,07/06/2017 18:00:05,Un homme,19,Tronc commun,TC04,Oui,Oui,Jamais bu,J'adore !,Pas mal,Jamais bu,Pas mal,Jamais bu,J'adore !,Jamais bu,J'adore !,Pas mal,Jamais bu,3,15,20:00:00,22:00:00,8,"Non, manger c'est tricher",,4,4,Non,
85,07/06/2017 18:01:02,Un homme,19,Tronc commun,TC02,Oui,Oui,Jamais bu,Jamais bu,Jamais bu,Bof...,J'adore !,Bof...,J'adore !,J'adore !,Jamais bu,Bof...,Bof...,3,10,20:00:00,22:00:00,10,Oui,"Lundi, Mardi, Mercredi, Jeudi, Vendredi",4,7,Non,
86,07/06/2017 18:01:04,Une femme,19,Tronc commun,TC02,Oui,Oui,Jamais bu,Jamais bu,Jamais bu,Jamais bu,J'adore !,Jamais bu,Pas mal,Jamais bu,Pas mal,Pas mal,J'adore !,3,15,20:00:00,22:00:00,8,Oui,Mercredi,3,4,Non,
87,07/06/2017 18:01:16,Un homme,19,Tronc commun,TC02,Oui,Oui,Pas mal,J'adore !,Pas mal,J'adore !,Pas mal,Bof...,Bof...,Pas mal,Jamais bu,J'adore !,Je déteste !,3,15,20:00:00,22:00:00,10,Oui,Vendredi,4,7,Non,
88,07/06/2017 18:01:39,Un homme,19,Tronc commun,tc04,Oui,Oui,Jamais bu,Jamais bu,J'adore !,Pas mal,Bof...,Bof...,Pas mal,Pas mal,J'adore !,J'adore !,Je déteste !,2,30,20:00:00,22:00:00,10,"Non, je mange des snacks au Pic","Lundi, Jeudi, Vendredi",2,5,Oui,30
89,07/06/2017 18:02:15,Un homme,20,Branche,Gi04,Oui,Oui,Jamais bu,Pas mal,Pas mal,Jamais bu,Pas mal,J'adore !,Pas mal,J'adore !,Pas mal,Pas mal,Pas mal,2,20,20:30:00,22:00:00,6,Oui,"Mercredi, Jeudi, Vendredi",3,4,Oui,60
90,07/06/2017 18:05:01,Un homme,21,Branche,GM02,Oui,Oui,Jamais bu,Bof...,Pas mal,Pas mal,Bof...,Pas mal,J'adore !,Pas mal,Bof...,Pas mal,Je déteste !,8,20,18:30:00,22:00:00,20,"Non, je mange un menu au Pic","Mardi, Mercredi, Jeudi, Vendredi",5,10,Oui,25
91,07/06/2017 18:05:10,Un homme,19,Tronc commun,2,Oui,Oui,Jamais bu,J'adore !,Pas mal,J'adore !,Pas mal,J'adore !,Je déteste !,J'adore !,Jamais bu,J'adore !,Pas mal,4,10,20:00:00,22:00:00,10,Oui,"Mercredi, Jeudi, Vendredi",5,12,Oui,25
92,07/06/2017 18:05:19,Un homme,20,Tronc commun,TC06,Oui,Oui,Bof...,J'adore !,J'adore !,J'adore !,Je déteste !,J'adore !,Pas mal,Pas mal,J'adore !,Pas mal,Je déteste !,3,25,20:15:00,22:00:00,10,Oui,"Lundi, Mercredi, Jeudi, Vendredi",3,15,Oui,12
93,07/06/2017 18:05:59,Un homme,22,Branche,GI06,Oui,Oui,Pas mal,Bof...,Je déteste !,J'adore !,Bof...,Bof...,Bof...,J'adore !,Bof...,Bof...,Je déteste !,4,30,18:30:00,21:00:00,8,"Non, je mange un menu au Pic","Lundi, Mardi, Mercredi, Jeudi, Vendredi",4,5,Oui,15
94,07/06/2017 18:06:36,Une femme,21,Branche,GP04,Oui,Oui,J'adore !,Pas mal,Pas mal,J'adore !,Bof...,Pas mal,J'adore !,J'adore !,Pas mal,Pas mal,Bof...,5,20,19:30:00,22:30:00,12,Oui,"Mercredi, Jeudi",4,6,Oui,50
95,07/06/2017 18:06:43,Un homme,20,Branche,GI02,Oui,Oui,Bof...,Bof...,Bof...,J'adore !,Je déteste !,Bof...,Bof...,J'adore !,Bof...,J'adore !,Je déteste !,3,25,20:30:00,22:00:00,15,"Non, manger c'est tricher","Mercredi, Jeudi, Vendredi",3,6,Oui,30
96,07/06/2017 18:07:03,Un homme,24,Branche,GM06,Oui,Oui,Jamais bu,Je déteste !,Je déteste !,J'adore !,Je déteste !,Pas mal,Pas mal,Jamais bu,J'adore !,J'adore !,Bof...,2,40,20:00:00,22:00:00,10,Oui,"Mardi, Mercredi, Jeudi, Vendredi",3,4,Non,
97,07/06/2017 18:08:17,Un homme,22,Branche,GI04,Oui,Non,Jamais bu,Jamais bu,Jamais bu,Jamais bu,Jamais bu,Jamais bu,Jamais bu,Jamais bu,Jamais bu,Jamais bu,Jamais bu,0,,16:30:00,18:00:00,15,"Non, manger c'est tricher","Lundi, Mercredi",4,2,Non,
98,07/06/2017 18:08:17,Une femme,20,Branche,GSM02,Oui,Oui,Pas mal,Jamais bu,Bof...,J'adore !,Je déteste !,Bof...,J'adore !,Bof...,Pas mal,J'adore !,Je déteste !,4,30,19:30:00,22:30:00,15-20,"Non, je mange un menu au Pic","Mardi, Jeudi, Vendredi",3,20,Oui,12
99,07/06/2017 18:08:19,Un homme,22,Branche,GSM04,Oui,Oui,Jamais bu,Jamais bu,Pas mal,Bof...,Bof...,Jamais bu,J'adore !,Jamais bu,J'adore !,J'adore !,Jamais bu,4,25,19:30:00,22:00:00,25,"Non, manger c'est tricher","Lundi, Mercredi, Jeudi, Vendredi",4,5,Oui,30
100,07/06/2017 18:08:29,Un homme,21,Branche,GP04,Oui,Oui,Bof...,Bof...,Pas mal,J'adore !,Bof...,J'adore !,Pas mal,Pas mal,J'adore !,J'adore !,Bof...,3,35,19:15:00,22:30:00,10,"Non, je mange des snacks au Pic","Mardi, Jeudi, Vendredi",3,4,Oui,40
101,07/06/2017 18:08:46,Un homme,22,Double-diplome,GB06,Oui,Oui,Bof...,Bof...,Pas mal,J'adore !,J'adore !,Pas mal,J'adore !,J'adore !,Pas mal,Pas mal,J'adore !,4,20,19:30:00,23:00:00,Illimité,"Non, je mange un menu au Pic","Lundi, Mardi, Mercredi, Jeudi, Vendredi",4,6,Oui,10
102,07/06/2017 18:09:11,Un homme,22,Branche,GI04,Oui,Oui,Pas mal,Bof...,Pas mal,J'adore !,Bof...,Bof...,Pas mal,J'adore !,Pas mal,J'adore !,Bof...,3,20,19:00:00,22:00:00,15,"Non, manger c'est tricher","Lundi, Mardi, Mercredi, Jeudi, Vendredi",5,6,Oui,20
103,07/06/2017 18:09:19,Une femme,18,Tronc commun,,Oui,Oui,Jamais bu,J'adore !,Jamais bu,Jamais bu,Pas mal,J'adore !,J'adore !,Jamais bu,J'adore !,J'adore !,J'adore !,3,15,20:00:00,22:00:00,10,"Non, manger c'est tricher","Mardi, Jeudi",2,4,Non,
104,07/06/2017 18:09:52,Un homme,21,Branche,GB04,Oui,Oui,Pas mal,Jamais bu,Pas mal,Jamais bu,Jamais bu,Jamais bu,J'adore !,J'adore !,J'adore !,J'adore !,Pas mal,2,7,20:00:00,22:00:00,4,Oui,Mercredi,4,5,Non,
105,07/06/2017 18:10:19,Une femme,21,Branche,GB02,Oui,Oui,Jamais bu,Jamais bu,Jamais bu,Jamais bu,Pas mal,Jamais bu,Pas mal,Jamais bu,J'adore !,J'adore !,J'adore !,2-3,15,19:00:00,22:00:00,5-6,Oui,"Jeudi, Vendredi",4,5-6,Oui,30
106,07/06/2017 18:10:30,Un homme,21,Tronc commun,TC05,Oui,Oui,Bof...,Pas mal,Bof...,Pas mal,Je déteste !,Pas mal,Jamais bu,J'adore !,Jamais bu,J'adore !,Je déteste !,2,25,20:30:00,22:00:00,10,"Non, manger c'est tricher","Mardi, Mercredi, Jeudi, Vendredi",2,4,Oui,30
107,07/06/2017 18:10:38,Une femme,20,Tronc commun,TC04,Oui,Oui,Jamais bu,Jamais bu,Bof...,Jamais bu,Pas mal,Jamais bu,Jamais bu,Jamais bu,Jamais bu,J'adore !,Je déteste !,1,30,20:30:00,22:00:00,5,Oui,"Mercredi, Vendredi",2,6,Oui,30
108,07/06/2017 18:12:40,Une femme,18,Tronc commun,TC02,Oui,Oui,Jamais bu,Jamais bu,Jamais bu,Jamais bu,Jamais bu,Jamais bu,Jamais bu,Jamais bu,Jamais bu,J'adore !,J'adore !,2,20,20:00:00,22:00:00,5,Oui,"Mardi, Jeudi",1,3,Non,
109,07/06/2017 18:13:17,Un homme,21,Branche,GM02,Oui,Oui,J'adore !,J'adore !,J'adore !,Pas mal,Pas mal,Pas mal,Pas mal,J'adore !,J'adore !,J'adore !,Pas mal,3,20,20:30:00,22:00:00,6,"Non, manger c'est tricher","Lundi, Mardi, Mercredi, Jeudi, Vendredi",4,4,Oui,40
110,07/06/2017 18:13:27,Un homme,18,Tronc commun,TC04,Oui,Oui,Jamais bu,Jamais bu,Pas mal,J'adore !,Bof...,Pas mal,J'adore !,J'adore !,Pas mal,J'adore !,Je déteste !,3,25,20:00:00,22:00:00,10,"Non, manger c'est tricher","Jeudi, Vendredi",3,6,Oui,40
111,07/06/2017 18:13:49,Une femme,19,Tronc commun,Tc02,Oui,Oui,J'adore !,Jamais bu,Jamais bu,Pas mal,J'adore !,Jamais bu,Pas mal,Jamais bu,Pas mal,J'adore !,J'adore !,3,20,20:15:00,22:15:00,12,Oui,"Lundi, Mardi, Mercredi, Jeudi, Vendredi",3,7,Oui,50
112,07/06/2017 18:14:20,Une femme,19,Tronc commun,Tc04,Oui,Oui,Jamais bu,Pas mal,,Pas mal,Bof...,Pas mal,Bof...,Pas mal,Pas mal,Pas mal,Je déteste !,2,25,20:15:00,22:00:00,5,"Non, manger c'est tricher","Jeudi, Vendredi",3,8,Oui,Je ne sais pas !
113,07/06/2017 18:15:45,Un homme,22,Branche,GI04,Oui,Oui,J'adore !,J'adore !,J'adore !,Jamais bu,Pas mal,J'adore !,Jamais bu,Jamais bu,Jamais bu,J'adore !,Pas mal,3,30,18:30:00,22:00:00,14,"Non, je mange des snacks au Pic","Mardi, Jeudi, Vendredi",2,4,Oui,30
114,07/06/2017 18:16:33,Une femme,22,Branche,GI04,Oui,Oui,J'adore !,Pas mal,Jamais bu,Bof...,Je déteste !,Je déteste !,Je déteste !,Pas mal,Pas mal,J'adore !,Je déteste !,Je bois 3 cidres en moyenne,15,20:30:00,21:30:00,Y'a pas,Oui,"Lundi, Mardi, Mercredi",4,3,Oui,40
115,07/06/2017 18:17:14,Un homme,22,Branche,GSU02,Oui,Oui,J'adore !,Bof...,Bof...,Bof...,Bof...,Bof...,Bof...,Bof...,J'adore !,J'adore !,Bof...,3,20,18:30:00,21:00:00,10,"Non, manger c'est tricher","Lundi, Mardi, Mercredi, Jeudi",4,2,Non,
116,07/06/2017 18:19:18,Une femme,20,Tronc commun,TC04,Oui,Oui,Pas mal,Jamais bu,Bof...,Pas mal,Pas mal,Je déteste !,Jamais bu,Jamais bu,Jamais bu,Pas mal,Bof...,1,20,20:00:00,22:00:00,5,Oui,"Mardi, Jeudi, Vendredi",3,5,Oui,30
117,07/06/2017 18:20:09,Un homme,2,Branche,GI04,Oui,Oui,Pas mal,Pas mal,Jamais bu,J'adore !,Pas mal,Pas mal,Jamais bu,Bof...,J'adore !,Pas mal,Bof...,4,15,19:30:00,22:00:00,10,Oui,"Lundi, Vendredi",4,6,Oui,15
118,07/06/2017 18:20:43,Une femme,18,Tronc commun,TC02,Oui,Non,Jamais bu,Jamais bu,Jamais bu,Jamais bu,Jamais bu,Jamais bu,Jamais bu,Jamais bu,Jamais bu,Jamais bu,Jamais bu,0,0,20:00:00,22:00:00,,Oui,Vendredi,,5,Oui,50
119,07/06/2017 18:21:25,Un homme,18,Tronc commun,tc4,Oui,Oui,J'adore !,Jamais bu,Bof...,Pas mal,Pas mal,Jamais bu,Pas mal,Jamais bu,Bof...,Pas mal,Pas mal,3,30,20:00:00,22:00:00,6,Oui,"Lundi, Jeudi, Vendredi",2,6,Oui,30
120,07/06/2017 18:21:46,Une femme,22,Branche,GSM04,Oui,Oui,Jamais bu,Jamais bu,Bof...,Jamais bu,J'adore !,Jamais bu,Pas mal,J'adore !,Jamais bu,J'adore !,J'adore !,3,15,20:00:00,23:00:00,10,"Non, manger c'est tricher","Mercredi, Jeudi, Vendredi",3,7,Non,
121,07/06/2017 18:21:51,Un homme,21,Branche,,Oui,Oui,J'adore !,Jamais bu,Jamais bu,Jamais bu,Bof...,Jamais bu,Bof...,Jamais bu,Bof...,Bof...,Pas mal,2,15,20:00:00,22:00:00,20,Oui,"Jeudi, Vendredi",2,4,Non,
122,07/06/2017 18:21:56,Un homme,20,Branche,Gsm02,Oui,Oui,Pas mal,J'adore !,Pas mal,Pas mal,Bof...,J'adore !,Pas mal,J'adore !,Pas mal,Pas mal,Pas mal,2,20,20:00:00,22:00:00,5,"Non, manger c'est tricher","Mardi, Jeudi, Vendredi",3,7,Oui,Ne sais pas
123,07/06/2017 18:21:57,Un homme,21,Branche,GM01,Oui,Oui,Jamais bu,Pas mal,Pas mal,J'adore !,Je déteste !,J'adore !,Pas mal,Pas mal,J'adore !,J'adore !,Je déteste !,3,25,20:15:00,22:30:00,20,"Non, manger c'est tricher","Lundi, Mardi, Mercredi, Jeudi, Vendredi",5,3,Oui,30
124,07/06/2017 18:22:16,Un homme,24,Branche,GI07,Oui,Oui,Bof...,J'adore !,Jamais bu,Je déteste !,Je déteste !,Pas mal,Je déteste !,J'adore !,Pas mal,Je déteste !,Bof...,3,15,18:15:00,22:45:00,6,"Non, je mange un menu au Pic","Lundi, Mardi, Mercredi, Jeudi, Vendredi",4,2,Oui,10
125,07/06/2017 18:22:54,Une femme,20,Branche,GSU02,Oui,Oui,J'adore !,Jamais bu,Pas mal,Bof...,Bof...,Jamais bu,J'adore !,Jamais bu,Pas mal,J'adore !,Je déteste !,2,20,20:00:00,22:40:00,7,Oui,"Mercredi, Jeudi, Vendredi",2,10,Oui,10
126,07/06/2017 18:23:29,Un homme,19,Tronc commun,TC02,Oui,Oui,Pas mal,Bof...,Bof...,J'adore !,Bof...,J'adore !,Pas mal,Pas mal,J'adore !,Pas mal,Je déteste !,3,15,19:30:00,22:00:00,8€,Oui,"Jeudi, Vendredi",4,4,Non,
127,07/06/2017 18:23:40,Une femme,18,Tronc commun,TC02,Oui,Oui,Pas mal,Jamais bu,Bof...,Jamais bu,J'adore !,Jamais bu,Jamais bu,Jamais bu,Jamais bu,Bof...,J'adore !,2,30,18:30:00,22:00:00,6,"Non, je mange des snacks au Pic","Mardi, Jeudi",2,4,Non,
128,07/06/2017 18:23:44,Un homme,19,Branche,GI01,Oui,Oui,J'adore !,Pas mal,Pas mal,J'adore !,Bof...,Bof...,Pas mal,Bof...,J'adore !,J'adore !,Pas mal,2,30,20:00:00,22:00:00,5,Oui,"Lundi, Mardi, Jeudi, Vendredi",2,5,Oui,
129,07/06/2017 18:24:57,Un homme,20,Tronc commun,TC4,Oui,Oui,Je déteste !,Pas mal,Bof...,Pas mal,Bof...,Bof...,Pas mal,Pas mal,Pas mal,J'adore !,Pas mal,3,30,18:30:00,22:00:00,15,"Non, manger c'est tricher","Lundi, Mardi, Mercredi, Jeudi, Vendredi",3,4,Oui,6
130,07/06/2017 18:25:14,Un homme,22,Branche,GB03,Oui,Oui,Pas mal,Jamais bu,Jamais bu,Pas mal,Jamais bu,J'adore !,Pas mal,Pas mal,J'adore !,J'adore !,Jamais bu,3,25,19:15:00,21:30:00,6,Oui,"Mercredi, Jeudi, Vendredi",1,3,Oui,20
131,07/06/2017 18:25:43,Une femme,20,Tronc commun,TC04,Oui,Oui,Pas mal,Jamais bu,Jamais bu,Pas mal,Je déteste !,Jamais bu,Pas mal,Bof...,J'adore !,Pas mal,Je déteste !,3,30,20:30:00,22:00:00,10,Oui,"Jeudi, Vendredi",3,5,Oui,30
132,07/06/2017 18:26:28,Une femme,19,Branche,GM02,Oui,Oui,J'adore !,Jamais bu,Pas mal,J'adore !,Jamais bu,Jamais bu,Jamais bu,Jamais bu,J'adore !,J'adore !,Jamais bu,3,20,20:00:00,22:00:00,15,Oui,"Mardi, Jeudi, Vendredi",2,6,Non,
133,07/06/2017 18:26:37,Une femme,21,Branche,GM04,Oui,Oui,J'adore !,Je déteste !,Bof...,Jamais bu,Pas mal,Jamais bu,Jamais bu,Jamais bu,J'adore !,J'adore !,Pas mal,3,25,19:30:00,22:30:00,8,Oui,Vendredi,3,3,Oui,aucune idée
134,07/06/2017 18:28:01,Une femme,19,Tronc commun,TC02,Oui,Oui,Jamais bu,Jamais bu,Jamais bu,Jamais bu,J'adore !,Jamais bu,J'adore !,Pas mal,Jamais bu,Jamais bu,J'adore !,2,10,20:30:00,22:00:00,10,Oui,"Jeudi, Vendredi",3,4,Non,
135,07/06/2017 18:28:16,Une femme,18,Tronc commun,TC02,Oui,Oui,Jamais bu,Jamais bu,Jamais bu,Jamais bu,Pas mal,Jamais bu,J'adore !,Jamais bu,Jamais bu,J'adore !,Jamais bu,1,18,21:00:00,22:00:00,6,Oui,Vendredi,3,4,Non,
136,07/06/2017 18:28:37,Un homme,23,Branche,GI06,Oui,Oui,Pas mal,Pas mal,Pas mal,Pas mal,Bof...,J'adore !,Pas mal,Pas mal,J'adore !,J'adore !,Bof...,6,15,19:00:00,22:00:00,50,"Non, manger c'est tricher","Lundi, Mardi, Mercredi, Jeudi, Vendredi",5,15,Non,
137,07/06/2017 18:28:58,Une femme,21,Tronc commun,,Oui,Oui,J'adore !,Bof...,Bof...,J'adore !,J'adore !,Je déteste !,Je déteste !,Je déteste !,Pas mal,Pas mal,Bof...,2,40,19:00:00,23:00:00,5,"Non, je mange des snacks au Pic","Lundi, Mardi, Mercredi, Jeudi, Vendredi",1,15,Oui,40
138,07/06/2017 18:29:15,Une femme,20,Branche,GS02,Oui,Oui,Pas mal,Pas mal,Jamais bu,Jamais bu,J'adore !,Jamais bu,Pas mal,Pas mal,Pas mal,Pas mal,Pas mal,2,20,20:30:00,22:00:00,10,Oui,"Mercredi, Jeudi, Vendredi",2,5,Oui,5
139,07/06/2017 18:30:19,Un homme,22,Branche,GSM02,Oui,Oui,Jamais bu,Pas mal,Pas mal,Pas mal,Pas mal,Pas mal,Pas mal,Pas mal,J'adore !,J'adore !,Pas mal,5,15,19:30:00,22:30:00,10,"Non, manger c'est tricher","Mardi, Mercredi, Jeudi, Vendredi",4,6,Oui,30
140,07/06/2017 18:30:24,Une femme,19,Tronc commun,TC04,Oui,Oui,J'adore !,Jamais bu,Bof...,Pas mal,Pas mal,Jamais bu,J'adore !,J'adore !,J'adore !,J'adore !,Bof...,2,20,20:00:00,22:00:00,15,Oui,"Mardi, Mercredi, Jeudi",3,6,Oui,45
141,07/06/2017 18:30:33,Une femme,22,Branche,GB04,Oui,Oui,Pas mal,Jamais bu,Pas mal,J'adore !,J'adore !,Jamais bu,J'adore !,Jamais bu,Pas mal,J'adore !,Bof...,2,20,20:00:00,22:30:00,8,"Non, je mange des snacks au Pic",,2,6,Non,
142,07/06/2017 18:30:48,Un homme,21,Branche,GI04,Oui,Oui,Jamais bu,Jamais bu,Jamais bu,Je déteste !,Bof...,Jamais bu,J'adore !,J'adore !,J'adore !,J'adore !,Bof...,3,20,19:30:00,22:30:00,20,Oui,"Lundi, Jeudi, Vendredi",2,8,Oui,23
143,07/06/2017 18:31:41,Une femme,18,Tronc commun,,Oui,Oui,Jamais bu,Jamais bu,Je déteste !,Jamais bu,Pas mal,Pas mal,Pas mal,Jamais bu,Jamais bu,Jamais bu,J'adore !,2,20,20:30:00,22:00:00,,Oui,"Mardi, Jeudi, Vendredi",1,5,Non,
144,07/06/2017 18:33:24,Une femme,19,Tronc commun,TC02,Oui,Oui,Jamais bu,J'adore !,J'adore !,Pas mal,Jamais bu,Jamais bu,J'adore !,J'adore !,Jamais bu,J'adore !,Jamais bu,4 - 5,20,20:15:00,22:00:00,8,Oui,"Mardi, Jeudi, Vendredi",3,8,Non,
145,07/06/2017 18:33:56,Un homme,20,Branche,GI01,Oui,Oui,Pas mal,Pas mal,Pas mal,J'adore !,J'adore !,J'adore !,J'adore !,Pas mal,Pas mal,J'adore !,J'adore !,2,15,20:15:00,22:00:00,J'en ai pas,"Non, manger c'est tricher","Mercredi, Vendredi",3,2,Oui,30
146,07/06/2017 18:37:15,Un homme,22,Branche,GM03,Non,,,,,,,,,,,,,,,,,,,,,,,
147,07/06/2017 18:37:30,Un homme,20,Branche,GM02,Oui,Oui,Pas mal,Jamais bu,,,Pas mal,Jamais bu,J'adore !,,Jamais bu,J'adore !,Pas mal,3,25,19:30:00,21:40:00,J'en ais pas ,"Non, manger c'est tricher",Jeudi,2,7,Non,
148,07/06/2017 18:39:15,Un homme,21,Branche,GM02,Oui,Oui,Pas mal,Jamais bu,Bof...,Pas mal,Pas mal,J'adore !,Pas mal,Pas mal,J'adore !,Bof...,Je déteste !,3,30,19:30:00,22:00:00,8,"Non, manger c'est tricher","Mardi, Jeudi, Vendredi",3,5,Oui,35
149,07/06/2017 18:40:54,Une femme,22,Branche,GP04,Oui,Oui,J'adore !,Jamais bu,Je déteste !,Pas mal,Pas mal,Jamais bu,Bof...,Jamais bu,J'adore !,Pas mal,Pas mal,3,30,20:15:00,22:30:00,10,Oui,"Jeudi, Vendredi",3,8,Oui,25
150,07/06/2017 18:43:07,Un homme,21,Branche,GB03,Oui,Non,,,,,,,,,,,,0,0,18:30:00,22:00:00,10,"Non, je mange un menu au Pic","Lundi, Mercredi, Vendredi",,10,Oui,30
151,07/06/2017 18:43:57,Un homme,18,Tronc commun,TC02,Oui,Oui,Jamais bu,Jamais bu,Pas mal,Jamais bu,Jamais bu,J'adore !,Pas mal,J'adore !,J'adore !,J'adore !,J'adore !,2,15,20:00:00,22:00:00,5,Oui,"Mardi, Jeudi",4,10,Non,
152,07/06/2017 18:44:23,Un homme,20,Branche,GSM02,Oui,Oui,Jamais bu,Jamais bu,Bof...,Je déteste !,Jamais bu,Bof...,J'adore !,Jamais bu,Jamais bu,J'adore !,Je déteste !,5,20,20:00:00,22:00:00,8,"Non, manger c'est tricher","Jeudi, Vendredi",3,12,Non,
153,07/06/2017 18:44:27,Un homme,23,Branche,GSM06,Oui,Oui,Jamais bu,Je déteste !,Jamais bu,Jamais bu,Bof...,Jamais bu,Je déteste !,Pas mal,J'adore !,J'adore !,J'adore !,3,20,19:30:00,22:00:00,10,Oui,"Lundi, Mardi, Mercredi, Jeudi, Vendredi",3,4,Oui,60
154,07/06/2017 18:44:37,Un homme,19,Tronc commun,TC02,Oui,Oui,Jamais bu,Pas mal,Pas mal,J'adore !,Je déteste !,Pas mal,Pas mal,Pas mal,Pas mal,J'adore !,Je déteste !,3,15,20:15:00,22:00:00,10,Oui,"Mardi, Jeudi, Vendredi",3,6,Non,
155,07/06/2017 18:45:58,Une femme,19,Tronc commun,TC04,Oui,Oui,Pas mal,Jamais bu,Jamais bu,Jamais bu,Pas mal,Jamais bu,Jamais bu,Jamais bu,Jamais bu,Bof...,J'adore !,2,25,18:45:00,20:30:00,7,"Non, je mange des snacks au Pic",Vendredi,2,7,Non,
156,07/06/2017 18:46:51,Un homme,21,Branche,GB04,Oui,Oui,Bof...,J'adore !,J'adore !,Pas mal,Je déteste !,Bof...,J'adore !,J'adore !,J'adore !,J'adore !,Je déteste !,4,20,19:30:00,22:00:00,20,"Non, je mange des snacks au Pic","Lundi, Mardi, Mercredi, Jeudi, Vendredi",5,10,Oui,20
157,07/06/2017 18:47:58,Un homme,17,Tronc commun,TC2,Oui,Non,Jamais bu,Jamais bu,Jamais bu,Jamais bu,Jamais bu,Jamais bu,Jamais bu,Jamais bu,Jamais bu,Jamais bu,Jamais bu,0,0,20:40:00,22:00:00,0.65,Oui,Vendredi,,6,Non,
158,07/06/2017 18:48:28,Une femme,20,ESCOM,2eme année,Oui,Oui,Bof...,Pas mal,Pas mal,J'adore !,Je déteste !,J'adore !,Pas mal,Pas mal,J'adore !,J'adore !,Je déteste !,3,30,20:30:00,22:00:00,10,"Non, manger c'est tricher","Mardi, Jeudi, Vendredi",2,2,Oui,30 ? 60 ? Avec mousse dans les mauvais jours ...
159,07/06/2017 18:50:20,Un homme,22,Branche,Gm04,Oui,Oui,J'adore !,Jamais bu,J'adore !,J'adore !,Pas mal,Pas mal,Pas mal,Pas mal,Pas mal,Pas mal,Pas mal,3,30,19:00:00,21:45:00,Infini,"Non, je mange un menu au Pic","Mardi, Jeudi",3,5,Oui,20
160,07/06/2017 18:50:38,Un homme,18,Tronc commun,tc02,Oui,Oui,Jamais bu,Jamais bu,Bof...,Bof...,Bof...,Pas mal,Pas mal,Bof...,J'adore !,Je déteste !,Bof...,3,15,20:00:00,22:00:00,7,Oui,Vendredi,3,4,Oui,45
161,07/06/2017 18:51:09,Un homme,19,Tronc commun,tc02,Oui,Oui,Jamais bu,Jamais bu,Bof...,Jamais bu,Jamais bu,Jamais bu,J'adore !,Jamais bu,J'adore !,Pas mal,J'adore !,1,10min,20:00:00,21:00:00,5,Oui,Mercredi,3,4,Non,
162,07/06/2017 18:51:21,Un homme,21,Branche,gsu02,Oui,Oui,Jamais bu,Pas mal,Pas mal,Jamais bu,Pas mal,J'adore !,J'adore !,Pas mal,J'adore !,J'adore !,Pas mal,3,15,19:30:00,22:00:00,20,"Non, manger c'est tricher","Lundi, Mercredi, Vendredi",4,4,Non,
163,07/06/2017 18:52:18,Une femme,19,Tronc commun,TC04,Oui,Oui,Jamais bu,Jamais bu,Jamais bu,Pas mal,Pas mal,Pas mal,J'adore !,Jamais bu,J'adore !,J'adore !,J'adore !,2,30,20:00:00,22:30:00,10,Oui,"Jeudi, Vendredi",2,5,Oui,aucune idée
164,07/06/2017 18:53:03,Un homme,24,Branche,GM05,Oui,Oui,Jamais bu,J'adore !,J'adore !,J'adore !,Bof...,Pas mal,Pas mal,Pas mal,J'adore !,J'adore !,Bof...,3,15,19:45:00,22:00:00,5,"Non, manger c'est tricher","Mardi, Vendredi",4,5,Oui,10
165,07/06/2017 18:53:38,Un homme,18,Tronc commun,TC02,Oui,Oui,Jamais bu,J'adore !,Bof...,J'adore !,Bof...,Pas mal,J'adore !,J'adore !,Pas mal,J'adore !,Je déteste !,3,25,19:30:00,22:00:00,14,Oui,"Lundi, Mardi, Mercredi, Jeudi",3,6,Oui,15
166,07/06/2017 18:53:38,Une femme,19,Escom,,Oui,Oui,J'adore !,Jamais bu,Pas mal,Jamais bu,Je déteste !,Jamais bu,J'adore !,J'adore !,J'adore !,J'adore !,J'adore !,2,20,20:30:00,22:00:00,15,"Non, manger c'est tricher","Jeudi, Vendredi",3,6,Oui,1min30
167,07/06/2017 18:53:52,Une femme,20,Tronc commun,,Oui,Oui,Pas mal,Pas mal,Pas mal,Pas mal,Je déteste !,Pas mal,Pas mal,Pas mal,J'adore !,Pas mal,Je déteste !,3,20,19:30:00,22:30:00,j'en ai pas,Oui,"Lundi, Jeudi, Vendredi",3,6,Oui,30
168,07/06/2017 18:55:56,Un homme,22,Branche,GM04,Oui,Oui,Jamais bu,Pas mal,Pas mal,J'adore !,Pas mal,Bof...,Pas mal,Pas mal,Pas mal,Pas mal,Pas mal,4,30,09:30:00,23:00:00,10,"Non, je mange un menu au Pic","Lundi, Mardi, Mercredi, Jeudi, Vendredi",3,200,Oui,10
169,07/06/2017 18:56:39,Un homme,22,Branche,Gsm04,Oui,Oui,,,,,Pas mal,,J'adore !,,J'adore !,J'adore !,Pas mal,3,20,20:30:00,21:45:00,6,Oui,"Mercredi, Jeudi, Vendredi",4,3,Non,
170,07/06/2017 18:56:54,Une femme,18,Tronc commun,Tc02,Oui,Oui,J'adore !,Jamais bu,Jamais bu,Jamais bu,Pas mal,Jamais bu,Jamais bu,Jamais bu,Jamais bu,Je déteste !,Pas mal,3,20,18:30:00,22:00:00,10,"Non, manger c'est tricher","Lundi, Mardi, Jeudi",4,4,Oui,30-45
171,07/06/2017 18:57:02,Une femme,24,diplomée,,Oui,Oui,Pas mal,Pas mal,Pas mal,Pas mal,Je déteste !,Pas mal,Bof...,Bof...,J'adore !,J'adore !,Je déteste !,4-5,40,19:15:00,22:45:00,10,"Non, je mange un menu au Pic",Vendredi,3,5,Oui,120
172,07/06/2017 18:57:42,Une femme,21,Branche,gb04,Oui,Oui,J'adore !,J'adore !,Bof...,Pas mal,Je déteste !,Bof...,Pas mal,Pas mal,J'adore !,J'adore !,Je déteste !,2,15,20:00:00,22:00:00,5,Oui,"Lundi, Vendredi",2,4,Oui,30
173,07/06/2017 18:57:46,Un homme,23,Branche,GI04,Oui,Oui,Pas mal,Jamais bu,Pas mal,Pas mal,Jamais bu,Jamais bu,J'adore !,Jamais bu,J'adore !,Pas mal,Je déteste !,2,30,20:15:00,22:00:00,4,"Non, manger c'est tricher","Jeudi, Vendredi",3,5,Oui,90
174,07/06/2017 18:58:56,Un homme,22,Branche,GSU05,Oui,Oui,Pas mal,Bof...,Bof...,J'adore !,Je déteste !,Pas mal,J'adore !,Pas mal,Pas mal,J'adore !,Je déteste !,4,35,20:00:00,22:30:00,15,Oui,"Lundi, Mardi, Mercredi, Jeudi, Vendredi",2,5,Oui,11
175,07/06/2017 18:59:04,Une femme,18,Tronc commun,1er,Oui,Oui,Pas mal,Bof...,Je déteste !,Pas mal,Bof...,J'adore !,Pas mal,Jamais bu,J'adore !,J'adore !,Bof...,3,15,20:00:00,22:00:00,7,Oui,"Mardi, Jeudi",3,8,Non,
176,07/06/2017 18:59:26,Un homme,19,Tronc commun,TC02,Oui,Oui,Pas mal,J'adore !,Jamais bu,Jamais bu,Jamais bu,Jamais bu,Jamais bu,Jamais bu,Pas mal,Jamais bu,Jamais bu,3,30,20:15:00,22:00:00,10,Oui,"Lundi, Mardi, Jeudi",2,6,Non,
177,07/06/2017 18:59:36,Un homme,20,ESCOM,,Oui,Oui,Jamais bu,Jamais bu,Bof...,Jamais bu,Jamais bu,Jamais bu,Jamais bu,Jamais bu,Pas mal,J'adore !,Je déteste !,5,20,20:00:00,22:00:00,10,Oui,"Jeudi, Vendredi",4,10,Non,
178,07/06/2017 18:59:44,Une femme,24,Branche,GB04,Oui,Oui,Pas mal,Pas mal,Pas mal,J'adore !,Je déteste !,Jamais bu,Bof...,Pas mal,J'adore !,J'adore !,Je déteste !,1,15,20:00:00,22:00:00,2,Oui,"Mardi, Jeudi",3,3,Non,
179,07/06/2017 19:06:32,Un homme,20,Hutech mgl,HU04,Oui,Oui,Pas mal,Bof...,Bof...,Pas mal,Bof...,Pas mal,J'adore !,J'adore !,J'adore !,Je déteste !,Je déteste !,2,20,20:15:00,22:00:00,12,Oui,"Mardi, Jeudi, Vendredi",4,6,Oui,30
180,07/06/2017 19:08:42,Une femme,19,Tronc commun,Tc02,Oui,Non,J'adore !,Jamais bu,Jamais bu,Jamais bu,Jamais bu,Jamais bu,Jamais bu,Jamais bu,Jamais bu,Je déteste !,Jamais bu,0,Cest pas une biere mais bon : 15,20:00:00,21:02:00,2,Oui,,3,5,Non,
181,07/06/2017 19:12:00,Un homme,21,Branche,GM02,Oui,Oui,Pas mal,Bof...,Bof...,J'adore !,Bof...,Je déteste !,Jamais bu,J'adore !,J'adore !,J'adore !,Je déteste !,2,10,20:30:00,22:00:00,20,Oui,"Lundi, Jeudi, Vendredi",5,20,Oui,15
182,07/06/2017 19:12:39,Une femme,23,ESCOM,,Oui,Oui,Pas mal,Jamais bu,J'adore !,Jamais bu,J'adore !,Jamais bu,Pas mal,J'adore !,J'adore !,J'adore !,Bof...,2,30,19:45:00,22:00:00,7,"Non, manger c'est tricher","Lundi, Jeudi, Vendredi",3,8,Oui,30
183,07/06/2017 19:14:16,Une femme,17,Tronc commun,TC02,Oui,Oui,Jamais bu,Jamais bu,Jamais bu,Pas mal,Pas mal,Jamais bu,J'adore !,Jamais bu,Jamais bu,J'adore !,Bof...,3,10,20:30:00,22:00:00,6,"Non, manger c'est tricher","Lundi, Vendredi",1,4,Oui,30
184,07/06/2017 19:14:21,Un homme,23,Branche,4,Oui,Oui,Jamais bu,Pas mal,Pas mal,Pas mal,J'adore !,Pas mal,J'adore !,Pas mal,J'adore !,J'adore !,J'adore !,2,15,20:00:00,22:00:00,5,Oui,"Jeudi, Vendredi",3,2,,90
185,07/06/2017 19:17:10,Un homme,18,Tronc commun,TC02,Oui,Oui,Jamais bu,Jamais bu,Jamais bu,Jamais bu,J'adore !,Jamais bu,Jamais bu,Jamais bu,Pas mal,Bof...,J'adore !,1,20,20:00:00,21:45:00,,Oui,"Mercredi, Jeudi, Vendredi",3,8,Non,
186,07/06/2017 19:20:53,Un homme,22,Branche,Gm04,Oui,Oui,Jamais bu,Pas mal,Jamais bu,Pas mal,J'adore !,J'adore !,J'adore !,J'adore !,J'adore !,J'adore !,Pas mal,2,40,20:00:00,22:00:00,Aucun,"Non, manger c'est tricher","Mercredi, Jeudi, Vendredi",3,5,Non,
187,07/06/2017 19:23:17,Un homme,23,Branche,GSU04,Oui,Oui,Jamais bu,Bof...,Bof...,J'adore !,Bof...,Bof...,J'adore !,Pas mal,Pas mal,J'adore !,Bof...,4,25,20:00:00,22:20:00,12,"Non, je mange des snacks au Pic","Mardi, Mercredi, Jeudi, Vendredi",4,4,Oui,35
188,07/06/2017 19:26:14,Une femme,20,Branche,GB01,Oui,Oui,Jamais bu,Jamais bu,Jamais bu,Jamais bu,Pas mal,Jamais bu,Jamais bu,Pas mal,Pas mal,Pas mal,J'adore !,2,20,20:00:00,22:00:00,5,Oui,Jeudi,1,5,Non,
189,07/06/2017 19:26:44,Une femme,18,Tronc commun,TC01,Oui,Oui,Jamais bu,Jamais bu,Jamais bu,Jamais bu,Pas mal,Jamais bu,Jamais bu,Pas mal,Pas mal,J'adore !,Jamais bu,3,30,20:00:00,22:00:00,10,Oui,"Lundi, Mardi, Mercredi, Jeudi, Vendredi",3,10,Non,
190,07/06/2017 19:28:26,Un homme,22,Branche,gm04,Oui,Oui,Pas mal,Bof...,Bof...,J'adore !,Je déteste !,Bof...,Pas mal,J'adore !,J'adore !,Bof...,Je déteste !,4,15,19:30:00,23:00:00,20,"Non, manger c'est tricher","Lundi, Mardi, Mercredi, Jeudi, Vendredi",3,7,Oui,30
191,07/06/2017 19:29:33,Une femme,18,Tronc commun,TC02,Oui,Oui,J'adore !,Jamais bu,Jamais bu,Jamais bu,Pas mal,Jamais bu,Pas mal,Bof...,Jamais bu,Bof...,J'adore !,2,30,19:30:00,22:00:00,,Oui,Vendredi,4,4,Oui,45
192,07/06/2017 19:31:07,Une femme,21,Branche,gu01,Oui,Oui,Jamais bu,Bof...,Je déteste !,Jamais bu,Pas mal,Bof...,Bof...,Bof...,J'adore !,J'adore !,J'adore !,2,30,21:00:00,22:00:00,10,Oui,"Lundi, Jeudi, Vendredi",2,3,Oui,20
193,07/06/2017 19:33:45,Un homme,20,Branche,gi02,Oui,Oui,Jamais bu,Jamais bu,Pas mal,J'adore !,Jamais bu,Jamais bu,J'adore !,J'adore !,J'adore !,J'adore !,Bof...,2,20,18:30:00,22:00:00,5,"Non, je mange des snacks au Pic",Vendredi,2,4,Oui,20
194,07/06/2017 19:37:00,Un homme,21,Branche,GSM04,Oui,Oui,Bof...,Pas mal,Pas mal,J'adore !,Pas mal,Jamais bu,Pas mal,Bof...,J'adore !,J'adore !,J'adore !,3-4,15,18:30:00,22:00:00,0,"Non, je mange des snacks au Pic","Lundi, Mercredi, Jeudi, Vendredi",4,6,Oui,30
195,07/06/2017 19:39:38,Une femme,20,Branche,Gb01,Oui,Oui,Pas mal,Jamais bu,J'adore !,Jamais bu,Pas mal,Jamais bu,J'adore !,Jamais bu,J'adore !,J'adore !,Pas mal,3,30,20:00:00,22:30:00,8,Oui,"Jeudi, Vendredi",2,10,Oui,20
196,07/06/2017 19:40:51,Un homme,24,Branche,GM06,Oui,Oui,Jamais bu,J'adore !,J'adore !,J'adore !,Jamais bu,J'adore !,J'adore !,J'adore !,J'adore !,J'adore !,Jamais bu,4,20,19:00:00,22:30:00,12,Oui,"Lundi, Mardi, Mercredi, Jeudi, Vendredi",4,7,Oui,30
197,07/06/2017 19:41:26,Un homme,21,Branche,GB04,Oui,Oui,Pas mal,Pas mal,J'adore !,Pas mal,Jamais bu,J'adore !,J'adore !,Pas mal,J'adore !,J'adore !,Jamais bu,3,40,19:30:00,22:00:00,10,"Non, manger c'est tricher","Jeudi, Vendredi",3,5,Oui,15
198,07/06/2017 19:46:40,Une femme,20,ESCOM,2eme année,Oui,Oui,Bof...,Pas mal,Pas mal,J'adore !,Je déteste !,J'adore !,Pas mal,Pas mal,J'adore !,J'adore !,Je déteste !,3,30,20:30:00,22:00:00,10,"Non, manger c'est tricher","Mardi, Jeudi, Vendredi",2,2,Oui,30 ? 60 ? Avec mousse dans les mauvais jours ...
199,07/06/2017 19:47:15,Un homme,22,Branche,GSM04 PIL,Oui,Oui,Jamais bu,J'adore !,J'adore !,Pas mal,Jamais bu,Pas mal,J'adore !,J'adore !,Pas mal,J'adore !,Pas mal,3,20,20:00:00,21:10:00,6,Oui,Vendredi,3,4,Non,
200,07/06/2017 19:48:55,Une femme,18,Tronc commun,TC02,Oui,Oui,Jamais bu,Bof...,Jamais bu,Jamais bu,Jamais bu,Jamais bu,J'adore !,Jamais bu,J'adore !,J'adore !,Bof...,2,30,20:00:00,22:00:00,8,"Non, manger c'est tricher","Jeudi, Vendredi",3,2,Non,
201,07/06/2017 19:56:25,Un homme,19,Tronc commun,Tc2,Oui,Oui,J'adore !,Pas mal,Jamais bu,Jamais bu,Pas mal,Jamais bu,Pas mal,Jamais bu,Pas mal,Jamais bu,Jamais bu,2,15,19:30:00,21:00:00,5,Oui,"Lundi, Mardi, Jeudi",3,4,Non,
202,07/06/2017 19:57:23,Un homme,22,Branche,GSM04,Oui,Oui,J'adore !,Pas mal,J'adore !,Pas mal,J'adore !,J'adore !,J'adore !,Jamais bu,J'adore !,J'adore !,J'adore !,1,15,20:00:00,09:00:00,15,Oui,"Mardi, Vendredi",2,6,Non,
203,07/06/2017 19:58:36,Un homme,21,Branche,GM04,Oui,Oui,J'adore !,Pas mal,Bof...,Je déteste !,Bof...,Pas mal,J'adore !,Jamais bu,Pas mal,J'adore !,Je déteste !,2,20,19:30:00,22:00:00,5,"Non, manger c'est tricher","Jeudi, Vendredi",3,6,Non,
204,07/06/2017 20:01:33,Un homme,20,Branche,,Oui,Non,,,,,,,,,,,,,,20:00:00,22:00:00,,Oui,Vendredi,,5,Oui,20
205,07/06/2017 20:03:27,Un homme,23,Viré,TC06,Oui,Oui,Jamais bu,Pas mal,Pas mal,J'adore !,Je déteste !,J'adore !,J'adore !,J'adore !,J'adore !,J'adore !,Bof...,7,12.5,20:15:00,22:00:00,20,"Non, manger c'est tricher","Mercredi, Jeudi, Vendredi",4,5,Oui,50
206,07/06/2017 20:05:48,Une femme,19,Tronc commun,Tc02,Oui,Oui,Pas mal,Pas mal,,Pas mal,,,Jamais bu,Jamais bu,,Pas mal,,2,35,20:00:00,22:00:00,Pas de limite ,"Non, je mange un menu au Pic","Mercredi, Jeudi, Vendredi",2,9,Non,
207,07/06/2017 20:06:28,Une femme,20,Branche,gsm02,Oui,Oui,Bof...,Bof...,Bof...,Pas mal,J'adore !,Pas mal,J'adore !,Pas mal,J'adore !,J'adore !,Pas mal,2,20,19:30:00,22:00:00,10,Oui,"Jeudi, Vendredi",2,6,Oui,70
208,07/06/2017 20:06:57,Un homme,22,Branche,Gsm04,Oui,Oui,Jamais bu,Jamais bu,Bof...,Pas mal,Pas mal,Jamais bu,J'adore !,Jamais bu,J'adore !,Pas mal,Pas mal,2,30,20:15:00,22:00:00,6,Oui,"Jeudi, Vendredi",3,4,Non,
209,07/06/2017 20:07:04,Une femme,20,Tronc commun,,Oui,Oui,J'adore !,J'adore !,Je déteste !,Pas mal,J'adore !,Pas mal,J'adore !,Pas mal,J'adore !,J'adore !,J'adore !,2,20,20:00:00,21:45:00,10,Oui,Vendredi,3,6,Non,
210,07/06/2017 20:08:23,Une femme,20,Branche,GI02,Non,,,,,,,,,,,,,,,,,,,,,,,
211,07/06/2017 20:10:29,Un homme,20,Branche,GI02,Oui,Oui,Jamais bu,J'adore !,Pas mal,Pas mal,Pas mal,J'adore !,Pas mal,J'adore !,J'adore !,Pas mal,Pas mal,5,35,19:00:00,22:00:00,12,Oui,"Lundi, Mercredi, Jeudi",2,5,Non,
212,07/06/2017 20:12:12,Un homme,20,Branche,GM02,Oui,Oui,Jamais bu,Jamais bu,Jamais bu,Jamais bu,Pas mal,,Pas mal,J'adore !,J'adore !,Pas mal,Jamais bu,3,15,20:00:00,22:00:00,8,Oui,"Mercredi, Jeudi",4,6,Non,
213,07/06/2017 20:17:59,Une femme,20,Branche,GB02,Oui,Oui,J'adore !,Jamais bu,Jamais bu,Jamais bu,Pas mal,Jamais bu,Jamais bu,Jamais bu,Jamais bu,Bof...,Pas mal,2,30,19:45:00,22:15:00,8,Oui,"Mercredi, Jeudi",1,7,Oui,35
214,07/06/2017 20:19:47,Un homme,25,Branche,GI04,Oui,Oui,Pas mal,Jamais bu,Bof...,Jamais bu,J'adore !,Bof...,Bof...,Bof...,J'adore !,Pas mal,Pas mal,3,30,18:30:00,22:00:00,10,"Non, manger c'est tricher","Mardi, Jeudi",3,6,Oui,60
215,07/06/2017 20:21:07,Un homme,21,Branche,GM02,Oui,Oui,Pas mal,Jamais bu,Jamais bu,Jamais bu,J'adore !,Jamais bu,Jamais bu,Jamais bu,Pas mal,Jamais bu,Jamais bu,1,5,19:30:00,22:00:00,10,Oui,"Jeudi, Vendredi",2,6,Non,
216,07/06/2017 20:22:20,Un homme,21,Branche,GI02,Oui,Oui,Pas mal,Pas mal,Je déteste !,Pas mal,Pas mal,Pas mal,Pas mal,Pas mal,J'adore !,Bof...,Bof...,2,25,20:00:00,22:00:00,5,Oui,"Mercredi, Jeudi",4,4,Oui,30
217,07/06/2017 20:23:57,Un homme,20,Branche,Gm02,Oui,Oui,Pas mal,Bof...,Pas mal,Pas mal,Je déteste !,Bof...,J'adore !,Bof...,J'adore !,J'adore !,Je déteste !,5,25,18:30:00,22:30:00,20,"Non, je mange un menu au Pic","Jeudi, Vendredi",4,15,Oui,30
218,07/06/2017 20:25:27,Un homme,21,Branche,GM02,Oui,Oui,Jamais bu,Jamais bu,Pas mal,J'adore !,Jamais bu,Je déteste !,J'adore !,Jamais bu,Pas mal,J'adore !,J'adore !,2,20,20:00:00,22:00:00,5,Oui,"Mardi, Mercredi, Vendredi",3,2,Oui,30
219,07/06/2017 20:25:49,Un homme,23,Branche,GI06,Oui,Oui,J'adore !,Bof...,Bof...,J'adore !,Je déteste !,Bof...,Bof...,J'adore !,J'adore !,J'adore !,Bof...,3,30,09:30:00,22:30:00,10,"Non, je mange un menu au Pic","Lundi, Mardi, Mercredi, Jeudi, Vendredi",4,2,Oui,12
220,07/06/2017 20:26:34,Une femme,23,Branche,GB04,Oui,Oui,Jamais bu,Jamais bu,Jamais bu,Pas mal,J'adore !,Jamais bu,Pas mal,Pas mal,J'adore !,J'adore !,Pas mal,2,20,20:00:00,22:00:00,6,Oui,"Jeudi, Vendredi",2,7,Oui,30
221,07/06/2017 20:27:16,Un homme,22,Branche,GSU02,Oui,Oui,Jamais bu,J'adore !,J'adore !,Jamais bu,Jamais bu,J'adore !,J'adore !,J'adore !,J'adore !,J'adore !,Jamais bu,2,10,20:00:00,21:45:00,10,Oui,"Lundi, Mercredi",3,5,Non,
222,07/06/2017 20:27:44,Une femme,18,Tronc commun,TC04,Oui,Oui,J'adore !,Jamais bu,Je déteste !,Jamais bu,J'adore !,Je déteste !,Bof...,Jamais bu,Jamais bu,Pas mal,J'adore !,2,25,20:00:00,22:00:00,7,,"Mardi, Jeudi",3,4,Non,
223,07/06/2017 20:29:24,Une femme,24,Branche,GB04,Oui,Oui,Bof...,J'adore !,Jamais bu,Pas mal,Je déteste !,Bof...,Bof...,J'adore !,Pas mal,Pas mal,Je déteste !,3,15,19:30:00,22:00:00,6,Oui,"Mardi, Mercredi",2,6,Oui,120
224,07/06/2017 20:36:26,Une femme,22,Branche,GX06,Oui,Oui,Jamais bu,J'adore !,J'adore !,Jamais bu,Je déteste !,J'adore !,Pas mal,J'adore !,J'adore !,Pas mal,Je déteste !,3,20,19:30:00,22:00:00,8,"Non, manger c'est tricher","Lundi, Mercredi, Vendredi",2,6,Oui,5
225,07/06/2017 20:37:19,Une femme,18,Tronc commun,TC02,Oui,Oui,Pas mal,Jamais bu,Jamais bu,Jamais bu,Pas mal,Jamais bu,Pas mal,Pas mal,Jamais bu,Bof...,J'adore !,2,30,19:00:00,20:30:00,5,"Non, manger c'est tricher","Mardi, Jeudi",3,4,Oui,60
226,07/06/2017 20:42:17,Une femme,21,Branche,GB04,Oui,Oui,J'adore !,Jamais bu,Bof...,Pas mal,Je déteste !,Jamais bu,J'adore !,Jamais bu,J'adore !,Pas mal,Je déteste !,1,40,20:00:00,22:00:00,5,Oui,,1,3,Oui,60
227,07/06/2017 20:42:23,Une femme,21,Branche,GB04,Oui,Oui,J'adore !,Jamais bu,Bof...,Pas mal,Je déteste !,Jamais bu,J'adore !,Jamais bu,J'adore !,Pas mal,Je déteste !,1,40,20:00:00,22:00:00,5,Oui,,1,3,Oui,60
228,07/06/2017 20:45:04,Un homme,24,Diplomé,,Oui,Oui,Pas mal,Bof...,Pas mal,J'adore !,Je déteste !,J'adore !,J'adore !,Pas mal,Pas mal,J'adore !,Je déteste !,5,20,18:30:00,23:00:00,20,"Non, je mange un menu au Pic","Lundi, Mardi, Mercredi, Jeudi, Vendredi",5,2000,Oui,8.5
229,07/06/2017 20:45:45,Une femme,21,Branche,GB04,Oui,Oui,J'adore !,Pas mal,Pas mal,Pas mal,Pas mal,Jamais bu,Pas mal,Jamais bu,Pas mal,Bof...,Bof...,2,45,20:00:00,22:00:00,4,"Non, je mange des snacks au Pic","Mercredi, Vendredi",2,3,Oui,50
230,07/06/2017 20:46:00,Une femme,21,Branche,GB02,Oui,Oui,Jamais bu,Jamais bu,Jamais bu,Pas mal,Jamais bu,J'adore !,J'adore !,Pas mal,Pas mal,J'adore !,Bof...,2,15,20:00:00,22:00:00,8,"Non, je mange des snacks au Pic","Jeudi, Vendredi",3,10,Oui,30
231,07/06/2017 20:46:13,Une femme,18,Tronc commun,TC02,Oui,Oui,Jamais bu,Jamais bu,Jamais bu,Jamais bu,Bof...,Jamais bu,Jamais bu,Jamais bu,Jamais bu,Jamais bu,J'adore !,2,5,20:00:00,22:00:00,6,Oui,"Mercredi, Jeudi",3,4,Non,
232,07/06/2017 20:48:39,Une femme,18,Tronc commun,TC01,Oui,Oui,Bof...,,,,Pas mal,,J'adore !,,,J'adore !,J'adore !,3,20,20:00:00,23:00:00,10,Oui,Jeudi,1,10,Non,
233,07/06/2017 20:54:08,Une femme,21,Branche,GB04,Oui,Oui,Pas mal,Jamais bu,Jamais bu,Jamais bu,Bof...,Jamais bu,Pas mal,Jamais bu,Bof...,Pas mal,Bof...,2,30,20:00:00,22:15:00,6,Oui,"Jeudi, Vendredi",2,5,Oui,40
234,07/06/2017 20:55:01,Une femme,22,Branche,GB05,Oui,Oui,J'adore !,Jamais bu,Jamais bu,Pas mal,Bof...,Jamais bu,J'adore !,Jamais bu,Pas mal,J'adore !,Je déteste !,2,20,20:00:00,22:30:00,5,"Non, je mange des snacks au Pic","Mardi, Jeudi, Vendredi",3,8,Oui,30
235,07/06/2017 21:07:16,Un homme,20,Branche,GI04,Oui,Oui,J'adore !,Pas mal,Bof...,Pas mal,J'adore !,Pas mal,Bof...,J'adore !,J'adore !,J'adore !,J'adore !,3,30,18:00:00,20:30:00,10,"Non, manger c'est tricher","Lundi, Mardi, Mercredi, Jeudi",2,6,Oui,30
236,07/06/2017 21:09:33,Un homme,21,Branche,GI04,Oui,Oui,J'adore !,,,,Pas mal,,,,,,,2,30,19:30:00,21:00:00,10,Oui,Jeudi,3,5,Non,
237,07/06/2017 21:13:36,Un homme,18,Tronc commun,Tc04,Oui,Oui,Pas mal,Jamais bu,Pas mal,J'adore !,Bof...,Jamais bu,J'adore !,J'adore !,J'adore !,J'adore !,Pas mal,4,15,20:00:00,22:00:00,8,Oui,"Mercredi, Jeudi, Vendredi",4,6,Oui,14
238,07/06/2017 21:14:36,Une femme,18,Tronc commun,tc02,Oui,Oui,Pas mal,Jamais bu,J'adore !,J'adore !,Bof...,J'adore !,J'adore !,Jamais bu,J'adore !,J'adore !,J'adore !,2,20,20:30:00,22:00:00,4,"Non, je mange un menu au Pic","Mercredi, Jeudi, Vendredi",2,7,Oui,60
239,07/06/2017 21:19:32,Une femme,21,Branche,GM04,Oui,Oui,Jamais bu,Jamais bu,Jamais bu,Jamais bu,Pas mal,Bof...,Bof...,Bof...,Bof...,Bof...,J'adore !,2,30,20:30:00,23:00:00,5,"Non, manger c'est tricher","Mercredi, Jeudi, Vendredi",3,6,Oui,30
240,07/06/2017 21:19:38,Un homme,20,Tronc commun,tc04,Oui,Oui,Jamais bu,Pas mal,Pas mal,Pas mal,Bof...,J'adore !,Pas mal,J'adore !,Pas mal,Bof...,Bof...,2,20,20:00:00,22:00:00,5,Oui,"Lundi, Jeudi, Vendredi",3,3-7,Oui,30
241,07/06/2017 21:23:31,Un homme,18,Tronc commun,TC01,Non,,,,,,,,,,,,,,,,,,,,,,,
242,07/06/2017 21:26:44,Une femme,20,Tronc commun,Tc2,Oui,Oui,Jamais bu,Jamais bu,Pas mal,J'adore !,Je déteste !,J'adore !,Pas mal,Pas mal,Pas mal,J'adore !,Je déteste !,2,20,20:00:00,22:00:00,5,Oui,"Mardi, Jeudi, Vendredi",3,10,Oui,45
243,07/06/2017 21:30:57,Une femme,18,Tronc commun,TC02,Oui,Oui,Jamais bu,Pas mal,Jamais bu,Jamais bu,Bof...,Jamais bu,Pas mal,Pas mal,Jamais bu,Pas mal,Pas mal,2,30,20:30:00,22:00:00,8,Oui,"Mercredi, Jeudi",2,6,Non,
244,07/06/2017 21:31:32,Une femme,21,Branche,Gsu02,Oui,,Bof...,Bof...,Bof...,Pas mal,Je déteste !,Pas mal,J'adore !,Pas mal,Pas mal,Pas mal,Je déteste !,4,30/45,18:30:00,22:30:00,8,"Non, je mange un menu au Pic","Lundi, Mardi, Mercredi, Jeudi",4,20,Oui,Si on compte juste le temps a la tireuse 8s le trmps que la biere se serve
245,07/06/2017 21:31:36,Une femme,23,Master,,Oui,Oui,Jamais bu,J'adore !,Bof...,Bof...,Je déteste !,Pas mal,Pas mal,J'adore !,Pas mal,Pas mal,Je déteste !,2,15,19:00:00,21:00:00,6,"Non, manger c'est tricher",,1,4,Non,
246,07/06/2017 21:33:22,Une femme,20,Tronc commun,TC04,Oui,Oui,Jamais bu,Bof...,Pas mal,J'adore !,Je déteste !,J'adore !,Bof...,Bof...,Pas mal,J'adore !,Je déteste !,2/3,30,18:30:00,21:03:00,10,"Non, je mange des snacks au Pic","Lundi, Mardi, Vendredi",4,4,Oui,50
247,07/06/2017 21:42:22,Un homme,19,Tronc commun,tc02,Oui,Oui,Jamais bu,Jamais bu,Jamais bu,Jamais bu,Pas mal,Jamais bu,J'adore !,Jamais bu,Jamais bu,Bof...,J'adore !,2,20-30,20:30:00,22:00:00,8-10,Oui,,3,4,Non,
248,07/06/2017 21:46:28,Un homme,21,Branche,GI04,Oui,Oui,Pas mal,Jamais bu,Jamais bu,Pas mal,Pas mal,Bof...,Bof...,Bof...,Bof...,Bof...,J'adore !,3,30,18:30:00,21:00:00,99999999999,"Non, manger c'est tricher","Lundi, Mercredi, Vendredi",3,4,Oui,30
249,07/06/2017 21:51:58,Une femme,22,Branche,GI06,Oui,Oui,J'adore !,Jamais bu,Bof...,Jamais bu,Bof...,Jamais bu,Pas mal,Jamais bu,Pas mal,Pas mal,Je déteste !,2,45,19:30:00,22:00:00,10,Oui,"Lundi, Mardi, Mercredi, Jeudi",1,10,Oui,30
250,07/06/2017 21:52:58,Un homme,23,Branche,GI06,Oui,Oui,Bof...,Pas mal,Pas mal,Pas mal,Je déteste !,J'adore !,Bof...,Pas mal,Pas mal,Pas mal,Je déteste !,4,25,19:45:00,21:30:00,18,"Non, manger c'est tricher","Mardi, Mercredi",4,4,Oui,30
251,07/06/2017 21:54:59,Une femme,24,Master,GM07,Oui,Oui,J'adore !,Je déteste !,Je déteste !,J'adore !,J'adore !,Bof...,Bof...,Bof...,J'adore !,Bof...,Je déteste !,2,30,19:00:00,21:30:00,10,"Non, manger c'est tricher","Lundi, Mercredi",1,3,Oui,30
252,07/06/2017 21:56:05,Un homme,19,Branche,GSM02,Oui,Oui,Pas mal,Bof...,Pas mal,Pas mal,Jamais bu,Pas mal,J'adore !,Bof...,J'adore !,Pas mal,Je déteste !,2,15,19:30:00,22:30:00,8,Oui,Jeudi,2,6,Oui,25
253,07/06/2017 21:57:37,Un homme,19,Branche,GM01,Oui,Oui,J'adore !,Pas mal,Pas mal,Pas mal,Jamais bu,Jamais bu,J'adore !,Pas mal,Pas mal,J'adore !,Pas mal,2,40,18:30:00,20:00:00,20,Oui,Jeudi,4,8,Oui,30
254,07/06/2017 22:00:35,Une femme,20,Branche,GI02,Oui,Oui,Pas mal,Bof...,Pas mal,J'adore !,Bof...,Pas mal,J'adore !,Jamais bu,Jamais bu,Bof...,Je déteste !,3,25,20:00:00,22:30:00,5,Oui,"Mercredi, Jeudi, Vendredi",3,20,Oui,20
255,07/06/2017 22:07:14,Une femme,22,Branche,GSM02,Oui,Oui,Pas mal,Jamais bu,Bof...,J'adore !,Je déteste !,Bof...,Pas mal,J'adore !,J'adore !,Bof...,J'adore !,4,20,19:00:00,22:00:00,7,Oui,"Jeudi, Vendredi",3,5,Non,
256,07/06/2017 22:11:50,Une femme,22,Branche,GB06,Oui,Oui,J'adore !,Jamais bu,Bof...,Jamais bu,J'adore !,Pas mal,Jamais bu,Jamais bu,Pas mal,J'adore !,Pas mal,2,45,19:30:00,22:30:00,6,Oui,"Jeudi, Vendredi",2,3,Non,
257,07/06/2017 22:17:13,Un homme,21,Branche,Gam04,Oui,Oui,Bof...,Pas mal,Pas mal,J'adore !,Je déteste !,Bof...,Pas mal,Pas mal,J'adore !,J'adore !,Je déteste !,4,20,20:30:00,22:00:00,10,Oui,"Lundi, Mardi, Mercredi, Jeudi, Vendredi",2,15,Oui,8
258,07/06/2017 22:19:48,Une femme,19,Tronc commun,TC02,Oui,Oui,Jamais bu,Jamais bu,Jamais bu,Jamais bu,J'adore !,Jamais bu,Pas mal,Jamais bu,Jamais bu,Pas mal,J'adore !,3,10,20:00:00,22:00:00,5,"Non, manger c'est tricher","Mardi, Jeudi",2,4,Oui,45
259,07/06/2017 22:23:27,Une femme,20,Branche,GI02,Oui,Oui,J'adore !,Jamais bu,Jamais bu,Jamais bu,Jamais bu,Jamais bu,Jamais bu,Jamais bu,Jamais bu,Jamais bu,Pas mal,"0,00001",45,18:30:00,18:31:00,0,"Non, je mange un menu au Pic","Lundi, Mercredi",2,6,Oui,25
260,07/06/2017 22:26:12,Une femme,21,Branche,GP02,Oui,Oui,Pas mal,Bof...,Pas mal,J'adore !,Bof...,Pas mal,Pas mal,Bof...,Bof...,Pas mal,Bof...,3,40,19:30:00,22:30:00,5,Oui,Jeudi,1,10,Oui,45
261,07/06/2017 22:32:59,Une femme,21,Branche,GB04,Oui,Oui,Bof...,Jamais bu,Je déteste !,Pas mal,Pas mal,Jamais bu,J'adore !,Jamais bu,J'adore !,Pas mal,Pas mal,3,20,20:00:00,22:00:00,8,Oui,"Jeudi, Vendredi",2,7,Oui,Je sais pas
262,07/06/2017 22:35:03,Un homme,23,Master,GI05,Oui,Oui,Pas mal,J'adore !,Pas mal,J'adore !,Bof...,J'adore !,Pas mal,J'adore !,J'adore !,J'adore !,Bof...,2,10,18:30:00,21:00:00,9,"Non, je mange un menu au Pic","Lundi, Mardi, Mercredi, Jeudi, Vendredi",3,3,Oui,6
263,07/06/2017 22:45:18,Une femme,20,Branche,GM01,Oui,Oui,Jamais bu,Jamais bu,Jamais bu,Jamais bu,J'adore !,Jamais bu,Jamais bu,Jamais bu,Pas mal,Jamais bu,J'adore !,1,30,18:00:00,19:00:00,5,Oui,"Jeudi, Vendredi",1,4,Oui,59
264,07/06/2017 22:45:18,Une femme,18,HUTECH  (ça fait 5ans qu'on existe quand même :'( ),Hu02,Oui,Oui,Jamais bu,,,,Pas mal,,J'adore !,Pas mal,,J'adore !,Pas mal,2,15,20:30:00,22:00:00,7,Oui,"Jeudi, Vendredi",2,4,Oui,30
265,07/06/2017 22:46:16,Une femme,21,Branche,GB01,Oui,Oui,J'adore !,Jamais bu,Jamais bu,Pas mal,Je déteste !,Pas mal,Jamais bu,Jamais bu,Pas mal,Jamais bu,J'adore !,2,20,20:45:00,22:00:00,6,Oui,Jeudi,2,6,Oui,40
266,07/06/2017 22:47:28,Une femme,20,Branche,GSU2,Oui,Oui,Bof...,J'adore !,Je déteste !,J'adore !,Pas mal,Pas mal,Pas mal,J'adore !,Pas mal,J'adore !,Je déteste !,3,20-25,20:00:00,22:00:00,6-7,"Non, manger c'est tricher","Lundi, Jeudi, Vendredi",4,3-4,Oui,"aucune idée, je ne me suis jamais chronomée ^^ (ça dépend du débit du fût non ?)"
267,07/06/2017 22:57:25,Une femme,21,Branche,GB04,Oui,Oui,Pas mal,Bof...,Jamais bu,Pas mal,Pas mal,Je déteste !,J'adore !,Bof...,J'adore !,Bof...,Pas mal,2,15,19:00:00,22:00:00,6,"Non, je mange des snacks au Pic","Jeudi, Vendredi",2,3,Oui,30
268,07/06/2017 23:03:30,Une femme,19,Tronc commun,TC04,Oui,Non,Jamais bu,Jamais bu,Jamais bu,Jamais bu,Jamais bu,Jamais bu,Jamais bu,Jamais bu,Jamais bu,Jamais bu,Jamais bu,0,0,20:00:00,23:00:00,0,Oui,"Jeudi, Vendredi",,6,Non,
269,07/06/2017 23:16:31,Une femme,18,Tronc commun,TC02,Oui,Oui,Jamais bu,Jamais bu,Jamais bu,Jamais bu,Jamais bu,Jamais bu,Jamais bu,Jamais bu,Jamais bu,Jamais bu,J'adore !,2,25,20:00:00,22:00:00,6,"Non, manger c'est tricher",Jeudi,1,4,Non,
270,07/06/2017 23:17:23,Un homme,19,Tronc commun,TC02,Oui,Oui,Bof...,Bof...,Bof...,Bof...,Je déteste !,Pas mal,Pas mal,Bof...,Bof...,J'adore !,Je déteste !,3,5,19:30:00,22:00:00,8,Oui,"Mercredi, Jeudi, Vendredi",3,5,Oui,en combien de temps tu remplis ton verre d'eau?
271,07/06/2017 23:20:26,Un homme,21,Master,,Oui,Oui,Bof...,Pas mal,Pas mal,J'adore !,J'adore !,J'adore !,Pas mal,J'adore !,J'adore !,J'adore !,J'adore !,3,30,19:30:00,22:00:00,20,Oui,"Lundi, Mardi, Mercredi, Jeudi, Vendredi",3,4,Oui,15
272,07/06/2017 23:23:58,Un homme,23,Branche,GP06,Oui,Oui,Jamais bu,Jamais bu,Pas mal,Jamais bu,J'adore !,Jamais bu,Pas mal,J'adore !,J'adore !,Pas mal,J'adore !,2,15,20:00:00,21:30:00,8,"Non, je mange des snacks au Pic","Mardi, Vendredi",4,4,Oui,30
273,07/06/2017 23:29:27,Un homme,23,Branche,GB04,Oui,Oui,Pas mal,Jamais bu,Jamais bu,Jamais bu,Pas mal,Jamais bu,Jamais bu,Jamais bu,Jamais bu,J'adore !,Pas mal,2,30,20:00:00,21:00:00,5,"Non, manger c'est tricher","Mardi, Mercredi, Jeudi",3,5,Non,
274,07/06/2017 23:35:35,Un homme,19,Tronc commun,Tc02,Oui,Oui,Pas mal,J'adore !,J'adore !,J'adore !,Pas mal,Pas mal,J'adore !,Pas mal,J'adore !,J'adore !,Pas mal,4,10,20:00:00,22:00:00,10,Oui,"Jeudi, Vendredi",4,15,Non,
275,07/06/2017 23:35:47,Une femme,23,Branche,GP04,Oui,Oui,Pas mal,Pas mal,Pas mal,Jamais bu,J'adore !,Jamais bu,Jamais bu,Jamais bu,Jamais bu,J'adore !,J'adore !,2,15,20:00:00,22:00:00,5,"Non, je mange des snacks au Pic","Mardi, Vendredi",2,4,Oui,30
276,07/06/2017 23:37:58,Un homme,23,Diplomé,Diplômé + 1,Oui,Oui,J'adore !,Jamais bu,Jamais bu,Jamais bu,Pas mal,Jamais bu,Jamais bu,Jamais bu,J'adore !,J'adore !,Jamais bu,2,30,19:00:00,22:00:00,10,"Non, manger c'est tricher",Vendredi,3,4,Oui,60
277,07/06/2017 23:39:53,Un homme,20,Tronc commun,TC04,Oui,Oui,Pas mal,Jamais bu,Jamais bu,Jamais bu,Jamais bu,J'adore !,Jamais bu,J'adore !,J'adore !,J'adore !,Pas mal,1,15,20:00:00,22:00:00,8,Oui,"Lundi, Mercredi",4,4,Oui,30
278,07/06/2017 23:48:30,Un homme,20,ESCOM,,Oui,Oui,Jamais bu,Jamais bu,Bof...,Jamais bu,Jamais bu,Jamais bu,Jamais bu,Jamais bu,Pas mal,J'adore !,Je déteste !,5,20,20:00:00,22:00:00,10,Oui,"Jeudi, Vendredi",4,10,Non,
279,07/06/2017 23:55:42,Un homme,23,Branche,GP06,Oui,Oui,Pas mal,Bof...,Pas mal,Bof...,J'adore !,Pas mal,Bof...,Je déteste !,J'adore !,J'adore !,J'adore !,3,30,19:30:00,22:00:00,15,Oui,"Mercredi, Jeudi, Vendredi",2,4,Oui,25
280,07/06/2017 23:59:20,Un homme,19,Tronc commun,3,Oui,Oui,Pas mal,Pas mal,J'adore !,J'adore !,Je déteste !,Pas mal,J'adore !,Jamais bu,J'adore !,J'adore !,Bof...,2,30,19:30:00,20:30:00,8,"Non, manger c'est tricher","Lundi, Mardi, Mercredi, Vendredi",3,4,Oui,
281,08/06/2017 00:00:03,Un homme,21,Branche,GI01,Oui,Oui,Pas mal,Pas mal,Pas mal,Pas mal,Pas mal,Pas mal,J'adore !,Pas mal,Pas mal,J'adore !,J'adore !,3,30,20:00:00,22:00:00,10,"Non, manger c'est tricher","Jeudi, Vendredi",3,5,Oui,30
282,08/06/2017 00:05:05,Un homme,18,Tronc commun,Tc02,Oui,Oui,Jamais bu,Jamais bu,Jamais bu,Jamais bu,Pas mal,Jamais bu,J'adore !,Jamais bu,Pas mal,J'adore !,J'adore !,3,15,20:00:00,22:00:00,11,Oui,Vendredi,3,6,Non,
283,08/06/2017 00:24:15,Une femme,18,Escom ,,Oui,Oui,Jamais bu,Jamais bu,Jamais bu,Jamais bu,J'adore !,Jamais bu,Pas mal,Jamais bu,Pas mal,Pas mal,J'adore !,1,15,20:40:00,22:00:00,"1,85","Non, manger c'est tricher",Jeudi,2,7,Non,
284,08/06/2017 00:25:34,Une femme,22,Master,,Oui,Oui,,,,Pas mal,,,Pas mal,,,J'adore !,,2,20,20:00:00,22:00:00,10,"Non, je mange des snacks au Pic","Mercredi, Jeudi, Vendredi",3,5,Oui,30
285,08/06/2017 00:30:53,Un homme,26,Branche,GM06,Non,,,,,,,,,,,,,,,,,,,,,,,
286,08/06/2017 00:38:17,Un homme,23,Branche,GM05,Oui,Oui,Jamais bu,Jamais bu,Pas mal,Pas mal,Bof...,Pas mal,J'adore !,Pas mal,J'adore !,J'adore !,Bof...,5,20,18:30:00,22:30:00,15,Oui,"Mardi, Mercredi, Jeudi",4,2,Oui,10
287,08/06/2017 01:14:08,Un homme,18,Tronc commun,TC01,Oui,Oui,Jamais bu,Jamais bu,Jamais bu,Jamais bu,Jamais bu,Jamais bu,J'adore !,Jamais bu,Jamais bu,Jamais bu,J'adore !,2,20,19:30:00,21:00:00,5,"Non, manger c'est tricher","Mercredi, Jeudi",2,3,Non,
288,08/06/2017 01:25:22,Un homme,22,Branche,Gsu05,Oui,Oui,Bof...,Jamais bu,Jamais bu,Bof...,Bof...,Pas mal,Pas mal,Pas mal,Pas mal,Pas mal,Pas mal,3,25,20:00:00,22:00:00,,Oui,"Lundi, Mercredi, Jeudi, Vendredi",4,4,Oui,60
289,08/06/2017 02:06:47,Un homme,23,Master,QPO,Oui,Oui,J'adore !,Pas mal,Pas mal,J'adore !,Bof...,Pas mal,J'adore !,J'adore !,J'adore !,J'adore !,Pas mal,4,15,18:30:00,22:30:00,"Pas de budjet, c'est tellement pas cher","Non, je mange un menu au Pic","Mardi, Jeudi, Vendredi",5,2,Oui,20
290,08/06/2017 03:11:18,Une femme,19,Tronc commun,TC04,Oui,Oui,Jamais bu,Pas mal,J'adore !,Pas mal,Pas mal,Jamais bu,Pas mal,Pas mal,J'adore !,J'adore !,J'adore !,3,15,20:30:00,22:00:00,8,"Non, manger c'est tricher","Mardi, Jeudi, Vendredi",4,8,Oui,60
291,08/06/2017 08:25:34,Une femme,23,Branche,GB06,Oui,Oui,Jamais bu,Jamais bu,Pas mal,Jamais bu,J'adore !,Jamais bu,Jamais bu,J'adore !,J'adore !,J'adore !,Jamais bu,3,20,19:45:00,22:30:00,7,Oui,"Mardi, Jeudi",4,6,Oui,40
292,08/06/2017 08:28:48,Une femme,19,Tronc commun,TC04,Oui,Oui,Jamais bu,Pas mal,Bof...,Jamais bu,Bof...,Bof...,J'adore !,Pas mal,Pas mal,J'adore !,Je déteste !,1,20,19:00:00,21:00:00,5,"Non, je mange des snacks au Pic",,2,4,Oui,40
293,08/06/2017 08:28:49,Une femme,19,Tronc commun,TC04,Oui,Oui,Jamais bu,Pas mal,Bof...,Jamais bu,Bof...,Bof...,J'adore !,Pas mal,Pas mal,J'adore !,Je déteste !,1,20,19:00:00,21:00:00,5,"Non, je mange des snacks au Pic",,2,4,Oui,40
294,08/06/2017 09:12:52,Un homme,18,Tronc commun,TC02,Oui,Oui,J'adore !,J'adore !,J'adore !,J'adore !,J'adore !,Jamais bu,Pas mal,Jamais bu,Pas mal,J'adore !,J'adore !,4,10,20:30:00,22:00:00,10,Oui,"Jeudi, Vendredi",4,10,Non,
295,08/06/2017 09:32:40,Un homme,22,Branche,GI02,Oui,Oui,Pas mal,Bof...,Bof...,J'adore !,Pas mal,Bof...,Pas mal,Je déteste !,Pas mal,J'adore !,Pas mal,2,25,08:00:00,22:00:00,15,"Non, je mange un menu au Pic","Lundi, Mardi, Mercredi, Jeudi, Vendredi",4,8,Oui,20
296,08/06/2017 09:35:29,Un homme,24,Branche,Gsu05,Oui,Oui,J'adore !,Pas mal,Pas mal,Pas mal,Pas mal,J'adore !,J'adore !,Pas mal,Pas mal,J'adore !,Pas mal,3,20,19:00:00,22:50:00,9,"Non, je mange un menu au Pic","Mardi, Mercredi, Jeudi, Vendredi",4,8,Oui,4
297,08/06/2017 09:36:26,Un homme,21,Branche,GM02,Oui,Oui,,J'adore !,J'adore !,,,J'adore !,,J'adore !,,J'adore !,Bof...,4,10,19:30:00,22:00:00,10,"Non, manger c'est tricher","Mercredi, Vendredi",5,4,Oui,30
298,08/06/2017 09:40:04,Une femme,18,Tronc commun,HUTECH2,Oui,Oui,Pas mal,Je déteste !,Bof...,J'adore !,Je déteste !,Bof...,J'adore !,J'adore !,Pas mal,Pas mal,Je déteste !,2,20,20:00:00,22:00:00,8,"Non, je mange un menu au Pic","Mardi, Jeudi, Vendredi",2,,Oui,
299,08/06/2017 09:41:46,Une femme,21,Branche,GSU02,Oui,Non,J'adore !,Jamais bu,Jamais bu,Jamais bu,Jamais bu,Jamais bu,Jamais bu,Jamais bu,Jamais bu,Jamais bu,J'adore !,0,,20:00:00,22:30:00,5,Oui,"Jeudi, Vendredi",1,6,Oui,
300,08/06/2017 10:16:29,Un homme,19,Tronc commun,TC04,Oui,Oui,J'adore !,Bof...,Bof...,Pas mal,Pas mal,Pas mal,J'adore !,Jamais bu,J'adore !,J'adore !,Bof...,4,15,20:30:00,22:00:00,Aucun,Oui,"Lundi, Mardi, Mercredi, Jeudi, Vendredi",3,4,Oui,35
301,08/06/2017 10:16:29,Un homme,19,Tronc commun,TC04,Oui,Oui,J'adore !,Bof...,Bof...,Pas mal,Pas mal,Pas mal,J'adore !,Jamais bu,J'adore !,J'adore !,Bof...,4,15,20:30:00,22:00:00,Aucun,Oui,"Lundi, Mardi, Mercredi, Jeudi, Vendredi",3,4,Oui,35
302,08/06/2017 10:20:05,Une femme,24,Branche,GP05,Oui,Oui,Jamais bu,J'adore !,Pas mal,Jamais bu,Je déteste !,Bof...,Pas mal,Pas mal,Pas mal,J'adore !,Je déteste !,2,20,20:00:00,22:00:00,10,"Non, manger c'est tricher","Mardi, Mercredi, Jeudi, Vendredi",4,8,Non,
303,08/06/2017 10:22:19,Un homme,20,Branche,GI02,Oui,Oui,J'adore !,Je déteste !,Je déteste !,J'adore !,Bof...,Je déteste !,Pas mal,Jamais bu,J'adore !,J'adore !,Bof...,3,30,20:30:00,22:00:00,8,Oui,"Mardi, Mercredi, Jeudi",2,6,Oui,20
304,08/06/2017 10:22:37,Une femme,22,Branche,GI06,Oui,Oui,Jamais bu,Jamais bu,J'adore !,Pas mal,Je déteste !,Jamais bu,Pas mal,Bof...,J'adore !,J'adore !,Je déteste !,4,20,19:00:00,22:00:00,15,"Non, manger c'est tricher","Lundi, Mardi, Jeudi, Vendredi",3,4,Oui,40
305,08/06/2017 10:32:57,Une femme,21,Branche,GM03,Oui,Oui,Jamais bu,Bof...,J'adore !,Pas mal,Bof...,J'adore !,J'adore !,Jamais bu,Bof...,J'adore !,Je déteste !,2,25,20:15:00,22:00:00,5,"Non, je mange des snacks au Pic","Mardi, Jeudi, Vendredi",3,8,Non,
306,08/06/2017 10:33:55,Une femme,20,Branche,GI02,Oui,Oui,Pas mal,Jamais bu,Jamais bu,Jamais bu,Jamais bu,Jamais bu,Jamais bu,Jamais bu,J'adore !,Pas mal,Jamais bu,2,30,19:00:00,21:00:00,4,"Non, manger c'est tricher","Jeudi, Vendredi",2,2,Non,
307,08/06/2017 10:39:46,Un homme,26,Ancien,,Oui,Oui,Bof...,Pas mal,Pas mal,J'adore !,Je déteste !,J'adore !,Pas mal,J'adore !,Pas mal,Pas mal,Je déteste !,7,25,18:45:00,23:00:00,20,"Non, je mange des snacks au Pic",Vendredi,3,10,Oui,20
308,08/06/2017 10:55:56,Un homme,21,Branche,gsm02,Oui,Oui,,Pas mal,,J'adore !,,,J'adore !,,,J'adore !,J'adore !,3,15,20:00:00,22:30:00,20,Oui,"Mercredi, Jeudi, Vendredi",4,5,Oui,6
309,08/06/2017 11:06:20,Un homme,20,Branche,GM02,Oui,Oui,Jamais bu,Pas mal,Pas mal,Pas mal,Bof...,Pas mal,Bof...,Bof...,Pas mal,Pas mal,Bof...,4,20,19:00:00,21:30:00,10,"Non, manger c'est tricher","Mercredi, Jeudi",4,6,Non,
310,08/06/2017 11:49:02,Un homme,22,Branche,Gsu02,Oui,Oui,Jamais bu,Bof...,Pas mal,Jamais bu,Pas mal,Pas mal,J'adore !,J'adore !,J'adore !,J'adore !,Bof...,4,15,19:30:00,23:00:00,10,"Non, manger c'est tricher","Lundi, Mercredi, Jeudi, Vendredi",3,5,Oui,40
311,08/06/2017 11:53:10,Un homme,20,Branche,GM02,Oui,Oui,Jamais bu,Jamais bu,Pas mal,J'adore !,Jamais bu,Jamais bu,Jamais bu,J'adore !,Pas mal,Pas mal,Bof...,3,20,20:00:00,22:15:00,10,Oui,"Jeudi, Vendredi",2,4,Oui,60
312,08/06/2017 12:51:41,Un homme,23,Ancien vieux con,,Oui,Oui,Pas mal,Pas mal,Pas mal,J'adore !,Je déteste !,J'adore !,Pas mal,J'adore !,Pas mal,Pas mal,Je déteste !,6,25,18:32:00,22:45:00,20,"Non, manger c'est tricher",Vendredi,5,100,Oui,15
313,08/06/2017 13:05:37,Une femme,18,Tronc commun,TC02,Oui,Oui,J'adore !,Jamais bu,Jamais bu,Pas mal,J'adore !,Jamais bu,J'adore !,Jamais bu,Pas mal,J'adore !,J'adore !,1,40,20:30:00,22:00:00,4,"Non, je mange un menu au Pic","Jeudi, Vendredi",4,7,Oui,50
314,08/06/2017 13:08:27,Une femme,21,Branche,Gsm04,Oui,,,,,,,,Pas mal,Pas mal,J'adore !,J'adore !,,2,29,19:30:00,22:00:00,,Oui,"Mardi, Jeudi, Vendredi",3,4,Oui,
315,08/06/2017 13:17:43,Une femme,21,Branche,GB04,Oui,Oui,Pas mal,Jamais bu,Pas mal,J'adore !,J'adore !,Jamais bu,J'adore !,Pas mal,Pas mal,J'adore !,J'adore !,3,30,19:30:00,23:00:00,12,"Non, je mange des snacks au Pic","Mardi, Jeudi, Vendredi",3,7,Oui,40
316,08/06/2017 13:22:41,Un homme,21,Branche,GI02,Non,,,,,,,,,,,,,,,,,,,,,,,
317,08/06/2017 13:35:54,Un homme,22,Branche,GM04,Oui,Oui,Pas mal,Pas mal,Bof...,J'adore !,Je déteste !,J'adore !,Je déteste !,J'adore !,Bof...,J'adore !,Je déteste !,4,20,20:00:00,22:30:00,12,Oui,"Jeudi, Vendredi",4,4,Oui,30
318,08/06/2017 13:49:19,Un homme,21,Branche,Gsm02,Oui,Oui,Jamais bu,Jamais bu,J'adore !,Pas mal,Jamais bu,Pas mal,Pas mal,Pas mal,Pas mal,Pas mal,Jamais bu,2,15,19:00:00,20:00:00,5,"Non, manger c'est tricher","Mardi, Jeudi",4,5,Non,
319,08/06/2017 13:56:06,Un homme,22,Branche,GM06,Oui,Oui,Jamais bu,Pas mal,Bof...,J'adore !,Je déteste !,Pas mal,J'adore !,Pas mal,Bof...,Pas mal,Jamais bu,4,30,19:30:00,22:00:00,15,"Non, je mange des snacks au Pic","Mardi, Jeudi, Vendredi",4,5,Oui,10
320,08/06/2017 13:58:28,Une femme,19,Tronc commun,TC03,Oui,Oui,Jamais bu,Jamais bu,Jamais bu,Pas mal,J'adore !,Pas mal,Je déteste !,Je déteste !,Bof...,Pas mal,Pas mal,1 et demie,30 à 45,20:30:00,22:30:00,5,Oui,Jeudi,1,5,Oui,
321,08/06/2017 14:25:54,Un homme,20,Tronc commun,Tc03,Oui,Oui,Jamais bu,Pas mal,Pas mal,Pas mal,Jamais bu,Pas mal,Pas mal,J'adore !,J'adore !,Pas mal,Jamais bu,3,20,18:30:00,22:00:00,20,"Non, je mange un menu au Pic","Lundi, Mardi, Mercredi, Jeudi, Vendredi",3,8,Oui,30
322,08/06/2017 15:38:30,Un homme,21,Branche,GSU04,Oui,Oui,Bof...,Pas mal,Pas mal,Jamais bu,Je déteste !,J'adore !,J'adore !,Pas mal,Bof...,Jamais bu,Je déteste !,2,30,19:30:00,22:00:00,10,"Non, je mange un menu au Pic","Lundi, Mardi, Mercredi, Jeudi, Vendredi",4,4,Oui,20
323,08/06/2017 16:06:07,Un homme,24,Branche,GB06,Oui,Oui,Pas mal,Pas mal,Pas mal,J'adore !,Bof...,Pas mal,Pas mal,Pas mal,Pas mal,Pas mal,Pas mal,5,20,19:00:00,22:00:00,10,"Non, manger c'est tricher","Lundi, Mardi, Mercredi, Jeudi, Vendredi",4,5,Oui,30
324,08/06/2017 16:35:57,Une femme,23,Branche,gm7,Oui,Oui,Bof...,Je déteste !,Bof...,J'adore !,Bof...,Pas mal,Pas mal,Pas mal,Jamais bu,J'adore !,Je déteste !,5,30,18:30:00,22:00:00,15,"Non, je mange un menu au Pic","Lundi, Mardi, Mercredi, Jeudi, Vendredi",4,3,Oui,20
325,08/06/2017 16:43:49,Un homme,21,ESCOM,5a,Oui,Oui,Bof...,Pas mal,J'adore !,Pas mal,J'adore !,J'adore !,Pas mal,J'adore !,J'adore !,J'adore !,J'adore !,3,15,20:00:00,22:30:00,9,Oui,"Lundi, Mardi",4,4,Non,
326,08/06/2017 17:31:42,Une femme,23,Branche,GM06,Oui,Oui,Pas mal,Pas mal,Pas mal,J'adore !,Je déteste !,J'adore !,Pas mal,Pas mal,J'adore !,Pas mal,Je déteste !,2,15,19:00:00,22:00:00,20,Oui,,3,2,Oui,5
327,08/06/2017 19:17:05,Un homme,"20,12",Branche,,Oui,Non,J'adore !,J'adore !,J'adore !,J'adore !,J'adore !,J'adore !,J'adore !,J'adore !,J'adore !,J'adore !,J'adore !,"Bah je viens aussi la journée donc ca doit faire une moyenne qui approche les 0,5.","10 secondes si je prends un buffalo, 20 minutes si y a du dancing, 30 si je coinche",10:00:00,00:01:00,50 pour les caisses frérot,"Non, je mange un menu au Pic","Lundi, Mardi, Mercredi, Jeudi, Vendredi",1,0,Oui,"8 secondes pelo, comme tout le monde."
328,08/06/2017 20:05:03,Un homme,19,Tronc commun,TC02,Oui,Oui,Bof...,Bof...,J'adore !,Pas mal,Je déteste !,Jamais bu,J'adore !,Pas mal,Pas mal,Bof...,Je déteste !,2,30,20:30:00,22:15:00,10,Oui,"Jeudi, Vendredi",4,7,Oui,25
329,08/06/2017 20:30:16,Un homme,21,Branche,GM02,Oui,Oui,Pas mal,Bof...,Bof...,Bof...,J'adore !,Pas mal,J'adore !,J'adore !,J'adore !,J'adore !,J'adore !,3,15,20:00:00,22:00:00,10,Oui,Vendredi,2,4,Non,
330,08/06/2017 23:15:42,Un homme,21,Branche,GSM02,Oui,Oui,Jamais bu,Jamais bu,Pas mal,Pas mal,Jamais bu,J'adore !,J'adore !,Pas mal,Pas mal,J'adore !,Jamais bu,3,20,20:00:00,21:00:00,7,"Non, manger c'est tricher","Lundi, Jeudi, Vendredi",3,8,Non,
331,09/06/2017 03:27:19,Un homme,21,Branche,GI04,Oui,Oui,J'adore !,Pas mal,J'adore !,J'adore !,Bof...,Pas mal,J'adore !,Pas mal,J'adore !,J'adore !,Bof...,4,30,19:30:00,22:30:00,15,Oui,"Mardi, Jeudi, Vendredi",3,6,Oui,25
332,09/06/2017 07:57:06,Un homme,21,Branche,GP02,Oui,Oui,Jamais bu,J'adore !,Pas mal,Pas mal,Pas mal,J'adore !,Pas mal,J'adore !,Pas mal,J'adore !,Jamais bu,4,20,19:00:00,22:00:00,10,"Non, manger c'est tricher","Lundi, Mercredi, Jeudi",4,3,Non,
333,09/06/2017 11:22:44,Un homme,23,Branche,GSM04,Oui,Non,Jamais bu,Pas mal,Pas mal,Jamais bu,J'adore !,Jamais bu,Jamais bu,Pas mal,Pas mal,Pas mal,Pas mal,Entre 0 et,5,21:00:00,21:45:00,2,"Non, manger c'est tricher","Mardi, Jeudi, Vendredi",3,2,Oui,30
334,09/06/2017 16:05:30,Un homme,20,Tronc commun,Tc04,Oui,Oui,Jamais bu,Pas mal,Pas mal,J'adore !,Jamais bu,Pas mal,Pas mal,J'adore !,J'adore !,J'adore !,Jamais bu,3-4,15,20:30:00,21:45:00,40,"Non, manger c'est tricher","Mercredi, Vendredi",3,4,Non,
335,10/06/2017 18:09:43,Une femme,19,Branche,GI01,Oui,Oui,Pas mal,J'adore !,Jamais bu,J'adore !,J'adore !,Jamais bu,J'adore !,Jamais bu,Jamais bu,J'adore !,J'adore !,4,30,18:30:00,22:00:00,8,"Non, je mange un menu au Pic","Lundi, Mardi, Mercredi, Jeudi, Vendredi",4,4,Oui,40
336,11/06/2017 09:49:10,Une femme,19,Tronc commun,TC01,Oui,Oui,,Pas mal,,J'adore !,,,,J'adore !,Pas mal,J'adore !,,2,20,20:30:00,22:00:00,8,Oui,"Mercredi, Jeudi",3,7,Non,